
--------------------------------------------------------------------------------
--############### 기존 데이터 삭제  ###############
--------------------------------------------------------------------------------
-- 테이블 삭제
DROP TABLE ATTACHMENT CASCADE CONSTRAINTS;
DROP TABLE QUESTION CASCADE CONSTRAINTS;
DROP TABLE USERS CASCADE CONSTRAINTS;
DROP TABLE COMMENTS CASCADE CONSTRAINTS;
DROP TABLE NOTIFICATION CASCADE CONSTRAINTS;
DROP TABLE CONTACTS_CATEGORY CASCADE CONSTRAINTS;
DROP TABLE CONTACTS CASCADE CONSTRAINTS;
DROP TABLE CONTACTS_MEMBER CASCADE CONSTRAINTS;
DROP TABLE CONTACTS_STAR CASCADE CONSTRAINTS;
DROP TABLE MAIL CASCADE CONSTRAINTS;
DROP TABLE MAIL_RECEIVER CASCADE CONSTRAINTS;
DROP TABLE MAILBOX CASCADE CONSTRAINTS;
DROP TABLE MAIL_OWNER CASCADE CONSTRAINTS;
DROP TABLE MAIL_ATTACHMENT CASCADE CONSTRAINTS;
DROP TABLE CLASS_BOARD CASCADE CONSTRAINTS;
DROP TABLE CLASS_POST CASCADE CONSTRAINTS;
DROP TABLE CLASS_COMMENT CASCADE CONSTRAINTS;
DROP TABLE CLASS_ATTACHMENT CASCADE CONSTRAINTS;
DROP TABLE SURVEY_POST CASCADE CONSTRAINTS;
DROP TABLE SURVEY_MEMBER CASCADE CONSTRAINTS;
DROP TABLE SURVEY_QUESTION CASCADE CONSTRAINTS;
DROP TABLE SURVEY_CHOICE CASCADE CONSTRAINTS;
DROP TABLE SURVEY_ANSWER CASCADE CONSTRAINTS;
DROP TABLE SUBJECT CASCADE CONSTRAINTS;
DROP TABLE TEST_KIND CASCADE CONSTRAINTS;
DROP TABLE SCORE CASCADE CONSTRAINTS;
DROP TABLE ATD_STATE CASCADE CONSTRAINTS;
DROP TABLE ATTENDANCE CASCADE CONSTRAINTS;
DROP TABLE CALENDAR CASCADE CONSTRAINTS;
DROP TABLE TODO CASCADE CONSTRAINTS;
DROP TABLE HOMEWORK_TEACHER CASCADE CONSTRAINTS;
DROP TABLE HOMEWORK_STUDENT CASCADE CONSTRAINTS;
DROP TABLE HOMEWORK_COMMENT CASCADE CONSTRAINTS;
DROP TABLE HOMEWORK_ATTACHMENT CASCADE CONSTRAINTS;


-- 시퀀스 삭제
DROP SEQUENCE SEQ_FILENO;           -- <첨부파일> 테이블 PK시퀀스
DROP SEQUENCE SEQ_USERNO;           -- <유저> 테이블 PK시퀀스
DROP SEQUENCE SEQ_QUESTIONNO;       -- <질문> 테이블 PK시퀀스
DROP SEQUENCE SEQ_COMMENTNO;        -- <댓글> 테이블 PK시퀀스
DROP SEQUENCE SEQ_NOTINO;           -- <알림> 테이블 PK시퀀스
DROP SEQUENCE SEQ_CONTACTS_CATENO;  -- <주소록_카테고리> 테이블 PK시퀀스
DROP SEQUENCE SEQ_CONTACTSNO;       -- <주소록> 테이블 PK시퀀스
DROP SEQUENCE SEQ_CONTACTS_STARNO;  -- <주소록_중요표시> 테이블 PK시퀀스
DROP SEQUENCE SEQ_MAILNO;           -- <메일> 테이블 PK시퀀스
DROP SEQUENCE SEQ_MAILBOXNO;        -- <메일함> 테이블 PK시퀀스
DROP SEQUENCE SEQ_BOARDNO;        -- <수업_게시판> 테이블 PK시퀀스
DROP SEQUENCE SEQ_POSTNO;        -- <수업_게시글> 테이블 PK시퀀스
DROP SEQUENCE SEQ_SURVEYPOSTNO;        -- <설문조사_게시글> 테이블 PK시퀀스
DROP SEQUENCE SEQ_SURVEYQNO;        -- <설문조사_질문> 테이블 PK시퀀스
DROP SEQUENCE SEQ_SURVEY_CHOICENO;        -- <설문조사_선택지> 테이블 PK시퀀스
DROP SEQUENCE SEQ_CALENDAR_NO;
DROP SEQUENCE SEQ_HOMEWORK_NO;
DROP SEQUENCE SEQ_HOMEWORK_SUBMIT_NO;
DROP SEQUENCE SEQ_TODO_NO;


--------------------------------------------------------------------------------
--###############  첨부파일  ###############
--------------------------------------------------------------------------------
CREATE TABLE ATTACHMENT(
    FILE_NO NUMBER PRIMARY KEY,
    ORIGIN_NAME VARCHAR2(255) NOT NULL,
    CHANGE_NAME VARCHAR2(255) NOT NULL UNIQUE,
    FILE_PATH VARCHAR2(1000) NOT NULL,
    UPLOAD_DATE DATE DEFAULT SYSDATE NOT NULL,
    STATUS CHAR(1) DEFAULT 'Y' NOT NULL,
    CHECK(STATUS IN ('Y', 'N'))
);

COMMENT ON COLUMN ATTACHMENT.FILE_NO IS '파일번호';
COMMENT ON COLUMN ATTACHMENT.ORIGIN_NAME IS '파일원본명';
COMMENT ON COLUMN ATTACHMENT.CHANGE_NAME IS '파일수정명';
COMMENT ON COLUMN ATTACHMENT.FILE_PATH IS '저장경로';
COMMENT ON COLUMN ATTACHMENT.UPLOAD_DATE IS '업로드일';
COMMENT ON COLUMN ATTACHMENT.STATUS IS '상태(미삭제:Y/삭제:N)';

CREATE SEQUENCE SEQ_FILENO
NOCACHE;

INSERT INTO ATTACHMENT VALUES(SEQ_FILENO.NEXTVAL, 'apple.jpg', 'apple1.jpg', '/SiyeonSchool/upfiles/', SYSDATE, DEFAULT);
INSERT INTO ATTACHMENT VALUES(SEQ_FILENO.NEXTVAL, 'apple.jpg', 'apple2.jpg', '/SiyeonSchool/upfiles/', SYSDATE, DEFAULT);
INSERT INTO ATTACHMENT VALUES(SEQ_FILENO.NEXTVAL, 'apple.jpg', 'apple3.jpg', '/SiyeonSchool/upfiles/', SYSDATE, DEFAULT);
INSERT INTO ATTACHMENT VALUES(SEQ_FILENO.NEXTVAL, 'apple.jpg', 'apple4.jpg', '/SiyeonSchool/upfiles/', SYSDATE, DEFAULT);
INSERT INTO ATTACHMENT VALUES(SEQ_FILENO.NEXTVAL, 'apple.jpg', 'apple5.jpg', '/SiyeonSchool/upfiles/', SYSDATE, DEFAULT);
INSERT INTO ATTACHMENT VALUES(SEQ_FILENO.NEXTVAL, 'TEACHER.jpg', 'TEACHER1.jpg', '/SiyeonSchool/upfiles/', SYSDATE, DEFAULT);
INSERT INTO ATTACHMENT VALUES(SEQ_FILENO.NEXTVAL, 'TEACHER.jpg', 'TEACHER2.jpg', '/SiyeonSchool/upfiles/', SYSDATE, DEFAULT);
INSERT INTO ATTACHMENT VALUES(SEQ_FILENO.NEXTVAL, 'TEACHER.jpg', 'TEACHER3.jpg', '/SiyeonSchool/upfiles/', SYSDATE, DEFAULT);
INSERT INTO ATTACHMENT VALUES(SEQ_FILENO.NEXTVAL, 'TEACHER.jpg', 'TEACHER4.jpg', '/SiyeonSchool/upfiles/', SYSDATE, DEFAULT);
INSERT INTO ATTACHMENT VALUES(SEQ_FILENO.NEXTVAL, 'TEACHER.jpg', 'TEACHER5.jpg', '/SiyeonSchool/upfiles/', SYSDATE, DEFAULT);
INSERT INTO ATTACHMENT VALUES(SEQ_FILENO.NEXTVAL, 'STUDENT.jpg', 'STUDENT1.jpg', '/SiyeonSchool/upfiles/', SYSDATE, DEFAULT);
INSERT INTO ATTACHMENT VALUES(SEQ_FILENO.NEXTVAL, 'STUDENT.jpg', 'STUDENT2.jpg', '/SiyeonSchool/upfiles/', SYSDATE, DEFAULT);
INSERT INTO ATTACHMENT VALUES(SEQ_FILENO.NEXTVAL, 'STUDENT.jpg', 'STUDENT3.jpg', '/SiyeonSchool/upfiles/', SYSDATE, DEFAULT);
INSERT INTO ATTACHMENT VALUES(SEQ_FILENO.NEXTVAL, 'STUDENT.jpg', 'STUDENT4.jpg', '/SiyeonSchool/upfiles/', SYSDATE, DEFAULT);
INSERT INTO ATTACHMENT VALUES(SEQ_FILENO.NEXTVAL, 'STUDENT.jpg', 'STUDENT5.jpg', '/SiyeonSchool/upfiles/', SYSDATE, DEFAULT);

--------------------------------------------------------------------------------
--###############  질문  ############### (아이디/비밀번호 찾기용)
--------------------------------------------------------------------------------
CREATE TABLE QUESTION(
    QUESTION_NO NUMBER PRIMARY KEY,
    QUESTION_CONTENT VARCHAR2(100) NOT NULL
);

COMMENT ON COLUMN QUESTION.QUESTION_NO IS '질문번호';
COMMENT ON COLUMN QUESTION.QUESTION_CONTENT IS '질문내용';

CREATE SEQUENCE SEQ_QUESTIONNO
NOCACHE;

INSERT INTO QUESTION VALUES(SEQ_QUESTIONNO.NEXTVAL, '기억에 남는 추억의 장소는?');
INSERT INTO QUESTION VALUES(SEQ_QUESTIONNO.NEXTVAL, '자신의 인생 좌우명은?');
INSERT INTO QUESTION VALUES(SEQ_QUESTIONNO.NEXTVAL, '자신의 보물 제1호는?');
INSERT INTO QUESTION VALUES(SEQ_QUESTIONNO.NEXTVAL, '가장 기억에 남는 선생님 성함은?');
INSERT INTO QUESTION VALUES(SEQ_QUESTIONNO.NEXTVAL, '추억하고 싶은 날짜가 있다면?');

--------------------------------------------------------------------------------
--###############  유저  ###############
--------------------------------------------------------------------------------
CREATE TABLE USERS(
    USER_NO NUMBER PRIMARY KEY,
    USER_ID VARCHAR2(20) NOT NULL UNIQUE,
    USER_PWD VARCHAR2(20) NOT NULL,
    USER_NAME VARCHAR2(20) NOT NULL,
    PHONE VARCHAR2(13) NOT NULL, -- UNIQUE 조건 제외함. 테스트로 유저 추가시 연락처가 우연히 겹치면 없는 전화번호를 찾아야 하는 번거로움이 발생하므로 일부러 제외함.
    PHONE_PUBLIC CHAR(1) DEFAULT 'N' NOT NULL,
    BIRTHDAY DATE NOT NULL,
    EMAIL VARCHAR2(30),
    ADDRESS VARCHAR2(100),
    ENROLL_DATE DATE DEFAULT SYSDATE NOT NULL,
    MODIFY_DATE DATE DEFAULT SYSDATE NOT NULL,
    PROFILE_FILE_NO NUMBER,
    QUESTION_NO NUMBER NOT NULL,
    QUESTION_ANSWER VARCHAR2(50)  NOT NULL, 
    USER_AUTH CHAR(1) DEFAULT 'U' NOT NULL,
    STATUS CHAR(1) DEFAULT 'Y' NOT NULL,
    GITHUB_URL VARCHAR2(100),
    NOTION_URL VARCHAR2(100),
    FOREIGN KEY(PROFILE_FILE_NO) REFERENCES ATTACHMENT(FILE_NO),
    FOREIGN KEY(QUESTION_NO) REFERENCES QUESTION(QUESTION_NO),
    CHECK(USER_AUTH IN ('U', 'A')),
    CHECK(STATUS IN ('W', 'Y', 'N'))
);

COMMENT ON COLUMN USERS.USER_NO IS '유저번호'; 
COMMENT ON COLUMN USERS.USER_ID IS '유저아이디'; 
COMMENT ON COLUMN USERS.USER_PWD IS '유저비밀번호';
COMMENT ON COLUMN USERS.USER_NAME IS '유저이름'; 
COMMENT ON COLUMN USERS.PHONE IS '전화번호'; 
COMMENT ON COLUMN USERS.PHONE_PUBLIC IS '전화번호공개여부'; 
COMMENT ON COLUMN USERS.BIRTHDAY IS '생일';
COMMENT ON COLUMN USERS.EMAIL IS '이메일'; 
COMMENT ON COLUMN USERS.ADDRESS IS '주소'; 
COMMENT ON COLUMN USERS.ENROLL_DATE IS '회원가입일'; 
COMMENT ON COLUMN USERS.MODIFY_DATE IS '정보수정일'; 
COMMENT ON COLUMN USERS.PROFILE_FILE_NO IS '프로필사진';
COMMENT ON COLUMN USERS.QUESTION_NO IS '질문번호(아이디/비밀번호 찾기용)'; 
COMMENT ON COLUMN USERS.QUESTION_ANSWER IS '질문답변(아이디/비밀번호 찾기용)'; 
COMMENT ON COLUMN USERS.USER_AUTH IS '유저권한(일반유저:U/관리자:A)';
COMMENT ON COLUMN USERS.STATUS IS '상태(대기:W/가입:Y/탈퇴:N)';
COMMENT ON COLUMN USERS.GITHUB_URL IS '깃허브주소';
COMMENT ON COLUMN USERS.NOTION_URL IS '노션주소';

CREATE SEQUENCE SEQ_USERNO
NOCACHE;

INSERT INTO USERS VALUES(SEQ_USERNO.NEXTVAL, 'admin', 'pass00', '나관리', '010-7777-7771', 'Y', TO_DATE('1995-12-25', 'YYYY-MM-DD'), 'manager@kh.or.kr', '서울시 강남구', TO_DATE('2024-05-09', 'YYYY-MM-DD'), TO_DATE('2024-05-09', 'YYYY-MM-DD'), NULL, 2, '내가제일잘나가', 'A', 'Y', NULL, NULL);
INSERT INTO USERS VALUES(SEQ_USERNO.NEXTVAL, 'user01', 'pass01', '김태희', '010-8888-9990', 'N', TO_DATE('1985-07-05', 'YYYY-MM-DD'), 'kimtaehee@kh.or.kr', '서울시 중구', TO_DATE('2024-05-09', 'YYYY-MM-DD'), TO_DATE('2024-05-09', 'YYYY-MM-DD'), NULL, 2, '첫사랑', 'U', 'Y', NULL, NULL);
INSERT INTO USERS VALUES(SEQ_USERNO.NEXTVAL, 'user02', 'pass02', '이민호', '010-1234-5679', 'N', TO_DATE('1990-12-12', 'YYYY-MM-DD'), 'leeminho@kh.or.kr', '서울시 서초구', TO_DATE('2024-05-09', 'YYYY-MM-DD'), TO_DATE('2024-05-09', 'YYYY-MM-DD'), NULL, 2, '나의꿈', 'U', 'Y', NULL, NULL);
INSERT INTO USERS VALUES(SEQ_USERNO.NEXTVAL, 'user03', 'pass03', '박보검', '010-2345-6790', 'N', TO_DATE('1989-09-09', 'YYYY-MM-DD'), 'parkbogum@kh.or.kr', '서울시 강북구', TO_DATE('2024-05-09', 'YYYY-MM-DD'), TO_DATE('2024-05-09', 'YYYY-MM-DD'), NULL, 2, '내일의희망', 'U', 'Y', NULL, NULL);
INSERT INTO USERS VALUES(SEQ_USERNO.NEXTVAL, 'user04', 'pass04', '정해인', '010-3456-7891', 'N', TO_DATE('1992-03-20', 'YYYY-MM-DD'), 'junghaein@kh.or.kr', '서울시 송파구', TO_DATE('2024-05-09', 'YYYY-MM-DD'), TO_DATE('2024-05-09', 'YYYY-MM-DD'), NULL, 2, '즐거운여행', 'U', 'Y', NULL, NULL);
INSERT INTO USERS VALUES(SEQ_USERNO.NEXTVAL, 'user05', 'pass05', '이준기', '010-4567-8902', 'N', TO_DATE('1988-04-21', 'YYYY-MM-DD'), 'leejoongi@kh.or.kr', '서울시 도봉구', TO_DATE('2024-05-09', 'YYYY-MM-DD'), TO_DATE('2024-05-09', 'YYYY-MM-DD'), NULL, 2, '매일의행복', 'U', 'Y', NULL, NULL);
INSERT INTO USERS VALUES(SEQ_USERNO.NEXTVAL, 'user06', 'pass06', '유인나', '010-5678-9013', 'N', TO_DATE('1993-01-15', 'YYYY-MM-DD'), 'yoonina@kh.or.kr', '서울시 용산구', TO_DATE('2024-05-09', 'YYYY-MM-DD'), TO_DATE('2024-05-09', 'YYYY-MM-DD'), NULL, 2, '내가최고', 'U', 'Y', NULL, NULL);
INSERT INTO USERS VALUES(SEQ_USERNO.NEXTVAL, 'user07', 'pass07', '한지민', '010-6789-0124', 'N', TO_DATE('1994-10-01', 'YYYY-MM-DD'), 'hanjimin@kh.or.kr', '서울시 강동구', TO_DATE('2024-05-09', 'YYYY-MM-DD'), TO_DATE('2024-05-09', 'YYYY-MM-DD'), NULL, 2, '소중한기억', 'U', 'Y', NULL, NULL);
INSERT INTO USERS VALUES(SEQ_USERNO.NEXTVAL, 'user08', 'pass08', '최민호', '010-7890-1235', 'N', TO_DATE('1995-07-14', 'YYYY-MM-DD'), 'choiminho@kh.or.kr', '서울시 금천구', TO_DATE('2024-05-09', 'YYYY-MM-DD'), TO_DATE('2024-05-09', 'YYYY-MM-DD'), NULL, 2, '희망의날', 'U', 'Y', NULL, NULL);
INSERT INTO USERS VALUES(SEQ_USERNO.NEXTVAL, 'user09', 'pass09', '김소현', '010-8901-2346', 'N', TO_DATE('1996-02-25', 'YYYY-MM-DD'), 'kimsohyun@kh.or.kr', '서울시 은평구', TO_DATE('2024-05-09', 'YYYY-MM-DD'), TO_DATE('2024-05-09', 'YYYY-MM-DD'), NULL, 2, '행복한하루', 'U', 'Y', NULL, NULL);
INSERT INTO USERS VALUES(SEQ_USERNO.NEXTVAL, 'user10', 'pass10', '이서진', '010-9012-3457', 'N', TO_DATE('1989-12-31', 'YYYY-MM-DD'), 'leesojin@kh.or.kr', '서울시 강서구', TO_DATE('2024-05-09', 'YYYY-MM-DD'), TO_DATE('2024-05-09', 'YYYY-MM-DD'), NULL, 2, '꿈꾸는날', 'U', 'Y', NULL, NULL);
INSERT INTO USERS VALUES(SEQ_USERNO.NEXTVAL, 'user11', 'pass11', '오지호', '010-0123-4568', 'N', TO_DATE('1991-03-14', 'YYYY-MM-DD'), 'ohjiho@kh.or.kr', '서울시 관악구', TO_DATE('2024-05-09', 'YYYY-MM-DD'), TO_DATE('2024-05-09', 'YYYY-MM-DD'), NULL, 2, '자유로운시간', 'U', 'Y', NULL, NULL);
INSERT INTO USERS VALUES(SEQ_USERNO.NEXTVAL, 'user12', 'pass12', '신세경', '010-0134-5670', 'N', TO_DATE('1992-08-15', 'YYYY-MM-DD'), 'shinsekyung@kh.or.kr', '서울시 강남구', TO_DATE('2024-05-09', 'YYYY-MM-DD'), TO_DATE('2024-05-09', 'YYYY-MM-DD'), NULL, 2, '사랑의날', 'U', 'Y', NULL, NULL);
INSERT INTO USERS VALUES(SEQ_USERNO.NEXTVAL, 'user13', 'pass13', '정수정', '010-2345-6791', 'N', TO_DATE('1988-05-16', 'YYYY-MM-DD'), 'jeongsujung@kh.or.kr', '서울시 양천구', TO_DATE('2024-05-09', 'YYYY-MM-DD'), TO_DATE('2024-05-09', 'YYYY-MM-DD'), NULL, 2, '아름다운세상', 'U', 'Y', NULL, NULL);
INSERT INTO USERS VALUES(SEQ_USERNO.NEXTVAL, 'user14', 'pass14', '박서준', '010-3456-7892', 'N', TO_DATE('1993-11-22', 'YYYY-MM-DD'), 'parkseojun@kh.or.kr', '서울시 중랑구', TO_DATE('2024-05-09', 'YYYY-MM-DD'), TO_DATE('2024-05-09', 'YYYY-MM-DD'), NULL, 2, '빛나는밤', 'U', 'Y', NULL, NULL);
INSERT INTO USERS VALUES(SEQ_USERNO.NEXTVAL, 'user15', 'pass15', '김영광', '010-4567-8903', 'N', TO_DATE('1995-05-17', 'YYYY-MM-DD'), 'kimyoungkwang@kh.or.kr', '서울시 노원구', TO_DATE('2024-05-09', 'YYYY-MM-DD'), TO_DATE('2024-05-09', 'YYYY-MM-DD'), NULL, 2, '행복한시간', 'U', 'Y', NULL, NULL);
INSERT INTO USERS VALUES(SEQ_USERNO.NEXTVAL, 'user16', 'pass16', '이보영', '010-5678-9014', 'N', TO_DATE('1992-04-12', 'YYYY-MM-DD'), 'leeboyeong@kh.or.kr', '서울시 동대문구', TO_DATE('2024-05-09', 'YYYY-MM-DD'), TO_DATE('2024-05-09', 'YYYY-MM-DD'), NULL, 2, '기쁨의하루', 'U', 'Y', NULL, NULL);
INSERT INTO USERS VALUES(SEQ_USERNO.NEXTVAL, 'user17', 'pass17', '공유', '010-6789-0125', 'N', TO_DATE('1991-07-28', 'YYYY-MM-DD'), 'gongyoo@kh.or.kr', '서울시 마포구', TO_DATE('2024-05-09', 'YYYY-MM-DD'), TO_DATE('2024-05-09', 'YYYY-MM-DD'), NULL, 2, '편안한시간', 'U', 'Y', NULL, NULL);
INSERT INTO USERS VALUES(SEQ_USERNO.NEXTVAL, 'user18', 'pass18', '윤두준', '010-7890-1236', 'N', TO_DATE('1989-10-08', 'YYYY-MM-DD'), 'yundoojun@kh.or.kr', '서울시 성동구', TO_DATE('2024-05-09', 'YYYY-MM-DD'), TO_DATE('2024-05-09', 'YYYY-MM-DD'), NULL, 2, '나의시간', 'U', 'Y', NULL, NULL);
INSERT INTO USERS VALUES(SEQ_USERNO.NEXTVAL, 'user19', 'pass19', '이종석', '010-8901-2347', 'N', TO_DATE('1994-06-03', 'YYYY-MM-DD'), 'leejongsuk@kh.or.kr', '서울시 성북구', TO_DATE('2024-05-09', 'YYYY-MM-DD'), TO_DATE('2024-05-09', 'YYYY-MM-DD'), NULL, 2, '즐거운하루', 'U', 'Y', NULL, NULL);
INSERT INTO USERS VALUES(SEQ_USERNO.NEXTVAL, 'user20', 'pass20', '신동엽', '010-9012-3458', 'N', TO_DATE('1991-02-26', 'YYYY-MM-DD'), 'shindongyeob@kh.or.kr', '서울시 서대문구', TO_DATE('2024-05-09', 'YYYY-MM-DD'), TO_DATE('2024-05-09', 'YYYY-MM-DD'), NULL, 2, '행복한날', 'U', 'Y', NULL, NULL);
INSERT INTO USERS VALUES(SEQ_USERNO.NEXTVAL, 'user21', 'pass21', '송중기', '010-0123-4569', 'N', TO_DATE('1985-09-19', 'YYYY-MM-DD'), 'songjoongki@kh.or.kr', '서울시 강북구', TO_DATE('2024-05-09', 'YYYY-MM-DD'), TO_DATE('2024-05-09', 'YYYY-MM-DD'), NULL, 2, '기쁨의순간', 'U', 'Y', NULL, NULL);
INSERT INTO USERS VALUES(SEQ_USERNO.NEXTVAL, 'user22', 'pass22', '유승호', '010-1234-5680', 'N', TO_DATE('1990-11-18', 'YYYY-MM-DD'), 'yoseungho@kh.or.kr', '서울시 동작구', TO_DATE('2024-05-09', 'YYYY-MM-DD'), TO_DATE('2024-05-09', 'YYYY-MM-DD'), NULL, 2, '행복의순간', 'U', 'Y', NULL, NULL);
INSERT INTO USERS VALUES(SEQ_USERNO.NEXTVAL, 'user23', 'pass23', '김우빈', '010-2345-6792', 'N', TO_DATE('1991-07-22', 'YYYY-MM-DD'), 'kimwoobin@kh.or.kr', '서울시 광진구', TO_DATE('2024-05-09', 'YYYY-MM-DD'), TO_DATE('2024-05-09', 'YYYY-MM-DD'), NULL, 2, '사랑의순간', 'U', 'Y', NULL, NULL);
INSERT INTO USERS VALUES(SEQ_USERNO.NEXTVAL, 'user24', 'pass24', '박신혜', '010-3456-7893', 'N', TO_DATE('1993-06-29', 'YYYY-MM-DD'), 'parkshinhye@kh.or.kr', '서울시 성동구', TO_DATE('2024-05-09', 'YYYY-MM-DD'), TO_DATE('2024-05-09', 'YYYY-MM-DD'), NULL, 2, '나의소원', 'U', 'Y', NULL, NULL);
INSERT INTO USERS VALUES(SEQ_USERNO.NEXTVAL, 'user25', 'pass25', '이하늬', '010-4567-8904', 'N', TO_DATE('1986-09-02', 'YYYY-MM-DD'), 'leehanee@kh.or.kr', '서울시 마포구', TO_DATE('2024-05-09', 'YYYY-MM-DD'), TO_DATE('2024-05-09', 'YYYY-MM-DD'), NULL, 2, '행운의순간', 'U', 'Y', NULL, NULL);
INSERT INTO USERS VALUES(SEQ_USERNO.NEXTVAL, 'user26', 'pass26', '김지원', '010-5678-9015', 'N', TO_DATE('1992-10-19', 'YYYY-MM-DD'), 'kimjiwon@kh.or.kr', '서울시 은평구', TO_DATE('2024-05-09', 'YYYY-MM-DD'), TO_DATE('2024-05-09', 'YYYY-MM-DD'), NULL, 2, '기쁨의시간', 'U', 'Y', NULL, NULL);
INSERT INTO USERS VALUES(SEQ_USERNO.NEXTVAL, 'user27', 'pass27', '배수지', '010-6789-0126', 'N', TO_DATE('1994-11-09', 'YYYY-MM-DD'), 'baesooji@kh.or.kr', '서울시 성동구', TO_DATE('2024-05-09', 'YYYY-MM-DD'), TO_DATE('2024-05-09', 'YYYY-MM-DD'), NULL, 2, '사랑의기억', 'U', 'Y', NULL, NULL);
INSERT INTO USERS VALUES(SEQ_USERNO.NEXTVAL, 'user28', 'pass28', '임윤아', '010-7890-1237', 'N', TO_DATE('1990-06-13', 'YYYY-MM-DD'), 'imyoona@kh.or.kr', '서울시 종로구', TO_DATE('2024-05-09', 'YYYY-MM-DD'), TO_DATE('2024-05-09', 'YYYY-MM-DD'), NULL, 2, '행복의기억', 'U', 'Y', NULL, NULL);
INSERT INTO USERS VALUES(SEQ_USERNO.NEXTVAL, 'user29', 'pass29', '박보영', '010-8901-2348', 'N', TO_DATE('1992-02-12', 'YYYY-MM-DD'), 'parkboyoung@kh.or.kr', '서울시 서대문구', TO_DATE('2024-05-09', 'YYYY-MM-DD'), TO_DATE('2024-05-09', 'YYYY-MM-DD'), NULL, 2, '즐거운기억', 'U', 'Y', NULL, NULL);
INSERT INTO USERS VALUES(SEQ_USERNO.NEXTVAL, 'user30', 'pass30', '장동건', '010-9012-3459', 'N', TO_DATE('1985-08-07', 'YYYY-MM-DD'), 'jangdonggun@kh.or.kr', '서울시 중랑구', TO_DATE('2024-05-09', 'YYYY-MM-DD'), TO_DATE('2024-05-09', 'YYYY-MM-DD'), NULL, 2, '나의행운', 'U', 'Y', NULL, NULL);


--------------------------------------------------------------------------------
--###############  댓글  ###############
--------------------------------------------------------------------------------
CREATE TABLE COMMENTS(
    COMMENT_NO NUMBER PRIMARY KEY,
    COMMENT_TYPE CHAR(1) DEFAULT 'P' NOT NULL,
    P_COMMENT_NO NUMBER,
    WRITER_NO NUMBER NOT NULL,
    COMMENT_CONTENT VARCHAR2(400) NOT NULL,
    CREATE_DATE DATE DEFAULT SYSDATE NOT NULL,
    STATUS CHAR(1) DEFAULT 'Y' NOT NULL,
    FOREIGN KEY(P_COMMENT_NO) REFERENCES COMMENTS(COMMENT_NO),
    FOREIGN KEY(WRITER_NO) REFERENCES USERS(USER_NO),
    CHECK(COMMENT_TYPE IN ('P', 'C')),
    CHECK(STATUS IN ('Y', 'N'))
);

COMMENT ON COLUMN COMMENTS.COMMENT_NO IS '댓글번호';
COMMENT ON COLUMN COMMENTS.COMMENT_TYPE IS '댓글구분(부모:P/자식:C)';
COMMENT ON COLUMN COMMENTS.P_COMMENT_NO IS '부모댓글번호';
COMMENT ON COLUMN COMMENTS.WRITER_NO IS '작성자번호';
COMMENT ON COLUMN COMMENTS.COMMENT_CONTENT IS '댓글내용';
COMMENT ON COLUMN COMMENTS.CREATE_DATE IS '작성일';
COMMENT ON COLUMN COMMENTS.STATUS IS '상태(미삭제:Y/삭제:N)';

CREATE SEQUENCE SEQ_COMMENTNO
NOCACHE;

INSERT INTO COMMENTS VALUES(SEQ_COMMENTNO.NEXTVAL, 'P', NULL, 3, '댓글 테스트 중입니다~~~', SYSDATE, DEFAULT);
INSERT INTO COMMENTS VALUES(SEQ_COMMENTNO.NEXTVAL, 'P', NULL, 1, '잘 되려나~~~', SYSDATE, DEFAULT);
INSERT INTO COMMENTS VALUES(SEQ_COMMENTNO.NEXTVAL, 'P', NULL, 2, '괜찮아 잘될거야', SYSDATE, DEFAULT);
INSERT INTO COMMENTS VALUES(SEQ_COMMENTNO.NEXTVAL, 'C', 1, 5, '답글테스트~~~', SYSDATE, DEFAULT);
INSERT INTO COMMENTS VALUES(SEQ_COMMENTNO.NEXTVAL, 'C', 1, 4, '오호~~ 아무말대잔치', SYSDATE, DEFAULT);
INSERT INTO COMMENTS VALUES(SEQ_COMMENTNO.NEXTVAL, 'P', NULL, 4, '과제 댓글1', SYSDATE, DEFAULT);
INSERT INTO COMMENTS VALUES(SEQ_COMMENTNO.NEXTVAL, 'P', NULL, 4, '과제 댓글12', SYSDATE, DEFAULT);


--------------------------------------------------------------------------------
--###############  알림  ############### (공통 헤더에 사용될 알림)
--------------------------------------------------------------------------------
CREATE TABLE NOTIFICATION(
    NOTI_NO NUMBER PRIMARY KEY,
    SENDER_NO NUMBER NOT NULL,
    RECEIVER_NO NUMBER NOT NULL,
    CONTENT VARCHAR2(255) NOT NULL,
    CREATE_DATE DATE DEFAULT SYSDATE NOT NULL,
    READ CHAR(1) DEFAULT'N' NOT NULL,
    STATUS CHAR(1) DEFAULT 'Y' NOT NULL,
    REFER_DB VARCHAR2(20),
    REFER_NO NUMBER,
    FOREIGN KEY(SENDER_NO) REFERENCES USERS(USER_NO),
    FOREIGN KEY(RECEIVER_NO) REFERENCES USERS(USER_NO),
    CHECK(READ IN ('Y', 'N')),
    CHECK(STATUS IN ('Y', 'N'))
);

COMMENT ON COLUMN NOTIFICATION.NOTI_NO IS '알림번호';
COMMENT ON COLUMN NOTIFICATION.SENDER_NO IS '발신인번호';
COMMENT ON COLUMN NOTIFICATION.RECEIVER_NO IS '수신인번호';
COMMENT ON COLUMN NOTIFICATION.CONTENT IS '알림내용';
COMMENT ON COLUMN NOTIFICATION.CREATE_DATE IS '생성일';
COMMENT ON COLUMN NOTIFICATION.READ IS '읽기여부(읽음:Y/안읽음:N)';
COMMENT ON COLUMN NOTIFICATION.STATUS IS '상태(미삭제:Y/삭제:N)';
COMMENT ON COLUMN NOTIFICATION.REFER_DB IS '참조DB테이블명';
COMMENT ON COLUMN NOTIFICATION.REFER_NO IS '참조글번호';

CREATE SEQUENCE SEQ_NOTINO
NOCACHE;

INSERT INTO NOTIFICATION VALUES(SEQ_NOTINO.NEXTVAL, 3, 5, '주지훈(user02)님이 댓글을 남겼습니다.', SYSDATE, DEFAULT, DEFAULT, NULL, NULL);
INSERT INTO NOTIFICATION VALUES(SEQ_NOTINO.NEXTVAL, 1, 2, '나관리(admin)님이 설문조사를 요청하였습니다.', SYSDATE, DEFAULT, DEFAULT, NULL, NULL);
INSERT INTO NOTIFICATION VALUES(SEQ_NOTINO.NEXTVAL, 4, 2, '장원영(user03)님이 댓글을 남겼습니다.', SYSDATE, DEFAULT, DEFAULT, NULL, NULL);
INSERT INTO NOTIFICATION VALUES(SEQ_NOTINO.NEXTVAL, 5, 1, '손흥민(user04)님이 댓글을 남겼습니다.', SYSDATE, DEFAULT, DEFAULT, NULL, NULL);
INSERT INTO NOTIFICATION VALUES(SEQ_NOTINO.NEXTVAL, 2, 3, '차은우(user01)님이 댓글을 남겼습니다.', SYSDATE, DEFAULT, DEFAULT, NULL, NULL);

--------------------------------------------------------------------------------
--###############  주소록_카테고리  ###############
--------------------------------------------------------------------------------
CREATE TABLE CONTACTS_CATEGORY(
    CATEGORY_NO NUMBER PRIMARY KEY,
    CATEGORY_NAME VARCHAR2(50) NOT NULL UNIQUE,
    STATUS CHAR(1) DEFAULT 'Y' NOT NULL,
    CHECK(STATUS IN ('Y', 'N'))
);

COMMENT ON COLUMN CONTACTS_CATEGORY.CATEGORY_NO IS '카테고리번호';
COMMENT ON COLUMN CONTACTS_CATEGORY.CATEGORY_NAME IS '카테고리이름(ex) 세미 프로젝트)';
COMMENT ON COLUMN CONTACTS_CATEGORY.STATUS IS '상태(미삭제:Y/삭제:N)';

CREATE SEQUENCE SEQ_CONTACTS_CATENO
NOCACHE;

INSERT INTO CONTACTS_CATEGORY VALUES(SEQ_CONTACTS_CATENO.NEXTVAL, '자바 미니 팀프로젝트', 'Y');
INSERT INTO CONTACTS_CATEGORY VALUES(SEQ_CONTACTS_CATENO.NEXTVAL, '웹 클론 프로젝트', 'Y');
INSERT INTO CONTACTS_CATEGORY VALUES(SEQ_CONTACTS_CATENO.NEXTVAL, '세미 프로젝트', 'Y');
INSERT INTO CONTACTS_CATEGORY VALUES(SEQ_CONTACTS_CATENO.NEXTVAL, '파이널 프로젝트', 'Y');
INSERT INTO CONTACTS_CATEGORY VALUES(SEQ_CONTACTS_CATENO.NEXTVAL, '자격증 스터디', 'Y');

--------------------------------------------------------------------------------
--###############  주소록  ###############
--------------------------------------------------------------------------------
CREATE TABLE CONTACTS(
    CONTACTS_NO NUMBER PRIMARY KEY,
    CONTACTS_NAME VARCHAR2(50) NOT NULL,
    CONTACTS_TYPE CHAR(1) DEFAULT 'P' NOT NULL,
    OWNER_NO NUMBER NOT NULL,
    STATUS CHAR(1) DEFAULT 'Y' NOT NULL,
    CATEGORY_NO NUMBER,
    FOREIGN KEY(OWNER_NO) REFERENCES USERS(USER_NO),
    FOREIGN KEY(CATEGORY_NO) REFERENCES CONTACTS_CATEGORY(CATEGORY_NO),
    CHECK(CONTACTS_TYPE IN ('P', 'S')),
    CHECK(STATUS IN ('Y', 'N'))
);

COMMENT ON COLUMN CONTACTS.CONTACTS_NO IS '주소록번호';
COMMENT ON COLUMN CONTACTS.CONTACTS_NAME IS '주소록이름(ex) 세미 2조)';
COMMENT ON COLUMN CONTACTS.CONTACTS_TYPE IS '주소록구분(개인:P/공유:S)';
COMMENT ON COLUMN CONTACTS.OWNER_NO IS '주소록소유자';
COMMENT ON COLUMN CONTACTS.STATUS IS '상태(미삭제:Y/삭제:N)';
COMMENT ON COLUMN CONTACTS.CATEGORY_NO IS '카테고리번호';

CREATE SEQUENCE SEQ_CONTACTSNO
NOCACHE;

-- 공유주소록
INSERT INTO CONTACTS VALUES(SEQ_CONTACTSNO.NEXTVAL, '자바 1조', 'S', '1', 'Y', 1);
INSERT INTO CONTACTS VALUES(SEQ_CONTACTSNO.NEXTVAL, '자바 2조', 'S', '1', 'Y', 1);
INSERT INTO CONTACTS VALUES(SEQ_CONTACTSNO.NEXTVAL, '자바 3조', 'S', '1', 'Y', 1);
INSERT INTO CONTACTS VALUES(SEQ_CONTACTSNO.NEXTVAL, '자바 4조', 'S', '1', 'Y', 1);
INSERT INTO CONTACTS VALUES(SEQ_CONTACTSNO.NEXTVAL, '자바 5조', 'S', '1', 'Y', 1);
INSERT INTO CONTACTS VALUES(SEQ_CONTACTSNO.NEXTVAL, '자바 6조', 'S', '1', 'Y', 1);
INSERT INTO CONTACTS VALUES(SEQ_CONTACTSNO.NEXTVAL, '자바 7조', 'S', '1', 'Y', 1);
INSERT INTO CONTACTS VALUES(SEQ_CONTACTSNO.NEXTVAL, '자바 8조', 'S', '1', 'Y', 1);
INSERT INTO CONTACTS VALUES(SEQ_CONTACTSNO.NEXTVAL, '자바 9조', 'S', '1', 'Y', 1);
INSERT INTO CONTACTS VALUES(SEQ_CONTACTSNO.NEXTVAL, '자바 10조', 'S', '1', 'Y', 1);

INSERT INTO CONTACTS VALUES(SEQ_CONTACTSNO.NEXTVAL, '웹클론 1조', 'S', '1', 'Y', 2);
INSERT INTO CONTACTS VALUES(SEQ_CONTACTSNO.NEXTVAL, '웹클론 2조', 'S', '1', 'Y', 2);
INSERT INTO CONTACTS VALUES(SEQ_CONTACTSNO.NEXTVAL, '웹클론 3조', 'S', '1', 'Y', 2);
INSERT INTO CONTACTS VALUES(SEQ_CONTACTSNO.NEXTVAL, '웹클론 4조', 'S', '1', 'Y', 2);
INSERT INTO CONTACTS VALUES(SEQ_CONTACTSNO.NEXTVAL, '웹클론 5조', 'S', '1', 'Y', 2);
INSERT INTO CONTACTS VALUES(SEQ_CONTACTSNO.NEXTVAL, '웹클론 6조', 'S', '1', 'Y', 2);
INSERT INTO CONTACTS VALUES(SEQ_CONTACTSNO.NEXTVAL, '웹클론 7조', 'S', '1', 'Y', 2);
INSERT INTO CONTACTS VALUES(SEQ_CONTACTSNO.NEXTVAL, '웹클론 8조', 'S', '1', 'Y', 2);
INSERT INTO CONTACTS VALUES(SEQ_CONTACTSNO.NEXTVAL, '웹클론 9조', 'S', '1', 'Y', 2);
INSERT INTO CONTACTS VALUES(SEQ_CONTACTSNO.NEXTVAL, '웹클론 10조', 'S', '1', 'Y', 2);

INSERT INTO CONTACTS VALUES(SEQ_CONTACTSNO.NEXTVAL, '세미 1조', 'S', '1', 'Y', 3);
INSERT INTO CONTACTS VALUES(SEQ_CONTACTSNO.NEXTVAL, '세미 2조', 'S', '1', 'Y', 3);
INSERT INTO CONTACTS VALUES(SEQ_CONTACTSNO.NEXTVAL, '세미 3조', 'S', '1', 'Y', 3);
INSERT INTO CONTACTS VALUES(SEQ_CONTACTSNO.NEXTVAL, '세미 4조', 'S', '1', 'Y', 3);
INSERT INTO CONTACTS VALUES(SEQ_CONTACTSNO.NEXTVAL, '세미 5조', 'S', '1', 'Y', 3);

INSERT INTO CONTACTS VALUES(SEQ_CONTACTSNO.NEXTVAL, '파이널 1조', 'S', '1', 'Y', 4);
INSERT INTO CONTACTS VALUES(SEQ_CONTACTSNO.NEXTVAL, '파이널 2조', 'S', '1', 'Y', 4);
INSERT INTO CONTACTS VALUES(SEQ_CONTACTSNO.NEXTVAL, '파이널 3조', 'S', '1', 'Y', 4);
INSERT INTO CONTACTS VALUES(SEQ_CONTACTSNO.NEXTVAL, '파이널 4조', 'S', '1', 'Y', 4);
INSERT INTO CONTACTS VALUES(SEQ_CONTACTSNO.NEXTVAL, '파이널 5조', 'S', '1', 'Y', 4);

INSERT INTO CONTACTS VALUES(SEQ_CONTACTSNO.NEXTVAL, '정처기', 'S', '1', 'Y', 5);
INSERT INTO CONTACTS VALUES(SEQ_CONTACTSNO.NEXTVAL, 'SQLD', 'S', '1', 'Y', 5);

-- 개인주소록 (유저 한명당 1개 처음에 기본제공)
INSERT INTO CONTACTS VALUES(SEQ_CONTACTSNO.NEXTVAL, '개인주소록', 'P', '1', 'Y', NULL);
INSERT INTO CONTACTS VALUES(SEQ_CONTACTSNO.NEXTVAL, '개인주소록', 'P', '2', 'Y', NULL);
INSERT INTO CONTACTS VALUES(SEQ_CONTACTSNO.NEXTVAL, '개인주소록', 'P', '3', 'Y', NULL);
INSERT INTO CONTACTS VALUES(SEQ_CONTACTSNO.NEXTVAL, '개인주소록', 'P', '4', 'Y', NULL);
INSERT INTO CONTACTS VALUES(SEQ_CONTACTSNO.NEXTVAL, '개인주소록', 'P', '5', 'Y', NULL);
INSERT INTO CONTACTS VALUES(SEQ_CONTACTSNO.NEXTVAL, '개인주소록', 'P', '6', 'Y', NULL);
INSERT INTO CONTACTS VALUES(SEQ_CONTACTSNO.NEXTVAL, '개인주소록', 'P', '7', 'Y', NULL);
INSERT INTO CONTACTS VALUES(SEQ_CONTACTSNO.NEXTVAL, '개인주소록', 'P', '8', 'Y', NULL);
INSERT INTO CONTACTS VALUES(SEQ_CONTACTSNO.NEXTVAL, '개인주소록', 'P', '9', 'Y', NULL);
INSERT INTO CONTACTS VALUES(SEQ_CONTACTSNO.NEXTVAL, '개인주소록', 'P', '10', 'Y', NULL);
INSERT INTO CONTACTS VALUES(SEQ_CONTACTSNO.NEXTVAL, '개인주소록', 'P', '11', 'Y', NULL);
INSERT INTO CONTACTS VALUES(SEQ_CONTACTSNO.NEXTVAL, '개인주소록', 'P', '12', 'Y', NULL);
INSERT INTO CONTACTS VALUES(SEQ_CONTACTSNO.NEXTVAL, '개인주소록', 'P', '13', 'Y', NULL);
INSERT INTO CONTACTS VALUES(SEQ_CONTACTSNO.NEXTVAL, '개인주소록', 'P', '14', 'Y', NULL);
INSERT INTO CONTACTS VALUES(SEQ_CONTACTSNO.NEXTVAL, '개인주소록', 'P', '15', 'Y', NULL);
INSERT INTO CONTACTS VALUES(SEQ_CONTACTSNO.NEXTVAL, '개인주소록', 'P', '16', 'Y', NULL);
INSERT INTO CONTACTS VALUES(SEQ_CONTACTSNO.NEXTVAL, '개인주소록', 'P', '17', 'Y', NULL);
INSERT INTO CONTACTS VALUES(SEQ_CONTACTSNO.NEXTVAL, '개인주소록', 'P', '18', 'Y', NULL);
INSERT INTO CONTACTS VALUES(SEQ_CONTACTSNO.NEXTVAL, '개인주소록', 'P', '19', 'Y', NULL);
INSERT INTO CONTACTS VALUES(SEQ_CONTACTSNO.NEXTVAL, '개인주소록', 'P', '20', 'Y', NULL);
INSERT INTO CONTACTS VALUES(SEQ_CONTACTSNO.NEXTVAL, '개인주소록', 'P', '21', 'Y', NULL);
INSERT INTO CONTACTS VALUES(SEQ_CONTACTSNO.NEXTVAL, '개인주소록', 'P', '22', 'Y', NULL);
INSERT INTO CONTACTS VALUES(SEQ_CONTACTSNO.NEXTVAL, '개인주소록', 'P', '23', 'Y', NULL);
INSERT INTO CONTACTS VALUES(SEQ_CONTACTSNO.NEXTVAL, '개인주소록', 'P', '24', 'Y', NULL);
INSERT INTO CONTACTS VALUES(SEQ_CONTACTSNO.NEXTVAL, '개인주소록', 'P', '25', 'Y', NULL);
INSERT INTO CONTACTS VALUES(SEQ_CONTACTSNO.NEXTVAL, '개인주소록', 'P', '26', 'Y', NULL);
INSERT INTO CONTACTS VALUES(SEQ_CONTACTSNO.NEXTVAL, '개인주소록', 'P', '27', 'Y', NULL);
INSERT INTO CONTACTS VALUES(SEQ_CONTACTSNO.NEXTVAL, '개인주소록', 'P', '28', 'Y', NULL);
INSERT INTO CONTACTS VALUES(SEQ_CONTACTSNO.NEXTVAL, '개인주소록', 'P', '29', 'Y', NULL);
INSERT INTO CONTACTS VALUES(SEQ_CONTACTSNO.NEXTVAL, '개인주소록', 'P', '30', 'Y', NULL);
INSERT INTO CONTACTS VALUES(SEQ_CONTACTSNO.NEXTVAL, '개인주소록', 'P', '31', 'Y', NULL);

--------------------------------------------------------------------------------
--###############  주소록_구성원  ###############
--------------------------------------------------------------------------------
CREATE TABLE CONTACTS_MEMBER(
    CONTACTS_NO NUMBER,
    USER_NO NUMBER,
    ROLE CHAR(1) CHECK (ROLE IN ('L', 'F')),
    PRIMARY KEY(USER_NO, CONTACTS_NO),
    FOREIGN KEY(USER_NO) REFERENCES USERS(USER_NO),
    FOREIGN KEY(CONTACTS_NO) REFERENCES CONTACTS(CONTACTS_NO)
);

COMMENT ON COLUMN CONTACTS_MEMBER.CONTACTS_NO IS '주소록번호';
COMMENT ON COLUMN CONTACTS_MEMBER.USER_NO IS '유저번호';
COMMENT ON COLUMN CONTACTS_MEMBER.ROLE IS '역할(팀장:L/팀원:F)';

----------------------

-- 자바 1조
INSERT INTO CONTACTS_MEMBER VALUES(1, 2, 'L');
INSERT INTO CONTACTS_MEMBER VALUES(1, 3, 'F');
INSERT INTO CONTACTS_MEMBER VALUES(1, 4, 'F');

-- 자바 2조
INSERT INTO CONTACTS_MEMBER VALUES(2, 5, 'L');
INSERT INTO CONTACTS_MEMBER VALUES(2, 6, 'F');
INSERT INTO CONTACTS_MEMBER VALUES(2, 7, 'F');

-- 자바 3조
INSERT INTO CONTACTS_MEMBER VALUES(3, 8, 'L');
INSERT INTO CONTACTS_MEMBER VALUES(3, 9, 'F');
INSERT INTO CONTACTS_MEMBER VALUES(3, 10, 'F');

-- 자바 4조
INSERT INTO CONTACTS_MEMBER VALUES(4, 11, 'L');
INSERT INTO CONTACTS_MEMBER VALUES(4, 12, 'F');
INSERT INTO CONTACTS_MEMBER VALUES(4, 13, 'F');

-- 자바 5조
INSERT INTO CONTACTS_MEMBER VALUES(5, 14, 'L');
INSERT INTO CONTACTS_MEMBER VALUES(5, 15, 'F');
INSERT INTO CONTACTS_MEMBER VALUES(5, 16, 'F');

-- 자바 6조
INSERT INTO CONTACTS_MEMBER VALUES(6, 17, 'L');
INSERT INTO CONTACTS_MEMBER VALUES(6, 18, 'F');
INSERT INTO CONTACTS_MEMBER VALUES(6, 19, 'F');

-- 자바 7조
INSERT INTO CONTACTS_MEMBER VALUES(7, 20, 'L');
INSERT INTO CONTACTS_MEMBER VALUES(7, 21, 'F');
INSERT INTO CONTACTS_MEMBER VALUES(7, 22, 'F');

-- 자바 8조
INSERT INTO CONTACTS_MEMBER VALUES(8, 23, 'L');
INSERT INTO CONTACTS_MEMBER VALUES(8, 24, 'F');
INSERT INTO CONTACTS_MEMBER VALUES(8, 25, 'F');

-- 자바 9조
INSERT INTO CONTACTS_MEMBER VALUES(9, 26, 'L');
INSERT INTO CONTACTS_MEMBER VALUES(9, 27, 'F');
INSERT INTO CONTACTS_MEMBER VALUES(9, 28, 'F');

-- 자바 10조
INSERT INTO CONTACTS_MEMBER VALUES(10, 29, 'L');
INSERT INTO CONTACTS_MEMBER VALUES(10, 30, 'F');
INSERT INTO CONTACTS_MEMBER VALUES(10, 31, 'F');

----------------------

-- 웹클론 1조
INSERT INTO CONTACTS_MEMBER VALUES(11, 6, 'L');
INSERT INTO CONTACTS_MEMBER VALUES(11, 18, 'F');
INSERT INTO CONTACTS_MEMBER VALUES(11, 30, 'F');

-- 웹클론 2조
INSERT INTO CONTACTS_MEMBER VALUES(12, 23, 'L');
INSERT INTO CONTACTS_MEMBER VALUES(12, 6, 'F');
INSERT INTO CONTACTS_MEMBER VALUES(12, 14, 'F');

-- 웹클론 3조
INSERT INTO CONTACTS_MEMBER VALUES(13, 4, 'L');
INSERT INTO CONTACTS_MEMBER VALUES(13, 14, 'F');
INSERT INTO CONTACTS_MEMBER VALUES(13, 3, 'F');

-- 웹클론 4조
INSERT INTO CONTACTS_MEMBER VALUES(14, 19, 'L');
INSERT INTO CONTACTS_MEMBER VALUES(14, 27, 'F');
INSERT INTO CONTACTS_MEMBER VALUES(14, 22, 'F');

-- 웹클론 5조
INSERT INTO CONTACTS_MEMBER VALUES(15, 8, 'L');
INSERT INTO CONTACTS_MEMBER VALUES(15, 29, 'F');
INSERT INTO CONTACTS_MEMBER VALUES(15, 11, 'F');

-- 웹클론 6조
INSERT INTO CONTACTS_MEMBER VALUES(16, 24, 'L');
INSERT INTO CONTACTS_MEMBER VALUES(16, 17, 'F');
INSERT INTO CONTACTS_MEMBER VALUES(16, 5, 'F');

-- 웹클론 7조
INSERT INTO CONTACTS_MEMBER VALUES(17, 20, 'L');
INSERT INTO CONTACTS_MEMBER VALUES(17, 10, 'F');
INSERT INTO CONTACTS_MEMBER VALUES(17, 31, 'F');

-- 웹클론 8조
INSERT INTO CONTACTS_MEMBER VALUES(18, 2, 'L');
INSERT INTO CONTACTS_MEMBER VALUES(18, 9, 'F');
INSERT INTO CONTACTS_MEMBER VALUES(18, 25, 'F');

-- 웹클론 9조
INSERT INTO CONTACTS_MEMBER VALUES(19, 16, 'L');
INSERT INTO CONTACTS_MEMBER VALUES(19, 12, 'F');
INSERT INTO CONTACTS_MEMBER VALUES(19, 28, 'F');

-- 웹클론 10조
INSERT INTO CONTACTS_MEMBER VALUES(20, 31, 'L');
INSERT INTO CONTACTS_MEMBER VALUES(20, 2, 'F');
INSERT INTO CONTACTS_MEMBER VALUES(20, 29, 'F');

----------------------

-- 세미 1조
INSERT INTO CONTACTS_MEMBER VALUES(21, 6, 'L');
INSERT INTO CONTACTS_MEMBER VALUES(21, 18, 'F');
INSERT INTO CONTACTS_MEMBER VALUES(21, 15, 'F');
INSERT INTO CONTACTS_MEMBER VALUES(21, 29, 'F');
INSERT INTO CONTACTS_MEMBER VALUES(21, 30, 'F');
INSERT INTO CONTACTS_MEMBER VALUES(21, 21, 'F');

-- 세미 2조
INSERT INTO CONTACTS_MEMBER VALUES(22, 27, 'L');
INSERT INTO CONTACTS_MEMBER VALUES(22, 5, 'F');
INSERT INTO CONTACTS_MEMBER VALUES(22, 19, 'F');
INSERT INTO CONTACTS_MEMBER VALUES(22, 13, 'F');
INSERT INTO CONTACTS_MEMBER VALUES(22, 9, 'F');
INSERT INTO CONTACTS_MEMBER VALUES(22, 25, 'F');

-- 세미 3조
INSERT INTO CONTACTS_MEMBER VALUES(23, 12, 'L');
INSERT INTO CONTACTS_MEMBER VALUES(23, 7, 'F');
INSERT INTO CONTACTS_MEMBER VALUES(23, 20, 'F');
INSERT INTO CONTACTS_MEMBER VALUES(23, 3, 'F');
INSERT INTO CONTACTS_MEMBER VALUES(23, 16, 'F');
INSERT INTO CONTACTS_MEMBER VALUES(23, 28, 'F');

-- 세미 4조
INSERT INTO CONTACTS_MEMBER VALUES(24, 14, 'L');
INSERT INTO CONTACTS_MEMBER VALUES(24, 8, 'F');
INSERT INTO CONTACTS_MEMBER VALUES(24, 21, 'F');
INSERT INTO CONTACTS_MEMBER VALUES(24, 30, 'F');
INSERT INTO CONTACTS_MEMBER VALUES(24, 2, 'F');
INSERT INTO CONTACTS_MEMBER VALUES(24, 17, 'F');

-- 세미 5조
INSERT INTO CONTACTS_MEMBER VALUES(25, 4, 'L');
INSERT INTO CONTACTS_MEMBER VALUES(25, 31, 'F');
INSERT INTO CONTACTS_MEMBER VALUES(25, 10, 'F');
INSERT INTO CONTACTS_MEMBER VALUES(25, 26, 'F');
INSERT INTO CONTACTS_MEMBER VALUES(25, 11, 'F');
INSERT INTO CONTACTS_MEMBER VALUES(25, 22, 'F');

----------------------

-- 파이널 1조
INSERT INTO CONTACTS_MEMBER VALUES(26, 6, 'L');
INSERT INTO CONTACTS_MEMBER VALUES(26, 18, 'F');
INSERT INTO CONTACTS_MEMBER VALUES(26, 15, 'F');
INSERT INTO CONTACTS_MEMBER VALUES(26, 29, 'F');
INSERT INTO CONTACTS_MEMBER VALUES(26, 30, 'F');
INSERT INTO CONTACTS_MEMBER VALUES(26, 21, 'F');

-- 파이널 2조
INSERT INTO CONTACTS_MEMBER VALUES(27, 9, 'L');
INSERT INTO CONTACTS_MEMBER VALUES(27, 22, 'F');
INSERT INTO CONTACTS_MEMBER VALUES(27, 14, 'F');
INSERT INTO CONTACTS_MEMBER VALUES(27, 28, 'F');
INSERT INTO CONTACTS_MEMBER VALUES(27, 5, 'F');
INSERT INTO CONTACTS_MEMBER VALUES(27, 19, 'F');

-- 파이널 3조
INSERT INTO CONTACTS_MEMBER VALUES(28, 7, 'L');
INSERT INTO CONTACTS_MEMBER VALUES(28, 20, 'F');
INSERT INTO CONTACTS_MEMBER VALUES(28, 2, 'F');
INSERT INTO CONTACTS_MEMBER VALUES(28, 15, 'F');
INSERT INTO CONTACTS_MEMBER VALUES(28, 25, 'F');
INSERT INTO CONTACTS_MEMBER VALUES(28, 12, 'F');

-- 파이널 4조
INSERT INTO CONTACTS_MEMBER VALUES(29, 3, 'L');
INSERT INTO CONTACTS_MEMBER VALUES(29, 17, 'F');
INSERT INTO CONTACTS_MEMBER VALUES(29, 24, 'F');
INSERT INTO CONTACTS_MEMBER VALUES(29, 11, 'F');
INSERT INTO CONTACTS_MEMBER VALUES(29, 8, 'F');
INSERT INTO CONTACTS_MEMBER VALUES(29, 27, 'F');

-- 파이널 5조
INSERT INTO CONTACTS_MEMBER VALUES(30, 4, 'L');
INSERT INTO CONTACTS_MEMBER VALUES(30, 13, 'F');
INSERT INTO CONTACTS_MEMBER VALUES(30, 10, 'F');
INSERT INTO CONTACTS_MEMBER VALUES(30, 26, 'F');
INSERT INTO CONTACTS_MEMBER VALUES(30, 31, 'F');
INSERT INTO CONTACTS_MEMBER VALUES(30, 22, 'F');

----------------------

-- 정처기
INSERT INTO CONTACTS_MEMBER VALUES(31, 12, NULL);
INSERT INTO CONTACTS_MEMBER VALUES(31, 7, NULL);
INSERT INTO CONTACTS_MEMBER VALUES(31, 20, NULL);
INSERT INTO CONTACTS_MEMBER VALUES(31, 3, NULL);
INSERT INTO CONTACTS_MEMBER VALUES(31, 16, NULL);
INSERT INTO CONTACTS_MEMBER VALUES(31, 5, NULL);
INSERT INTO CONTACTS_MEMBER VALUES(31, 25, NULL);
INSERT INTO CONTACTS_MEMBER VALUES(31, 30, NULL);
INSERT INTO CONTACTS_MEMBER VALUES(31, 27, NULL);
INSERT INTO CONTACTS_MEMBER VALUES(31, 14, NULL);

-- SQLD
INSERT INTO CONTACTS_MEMBER VALUES(32, 14, NULL);
INSERT INTO CONTACTS_MEMBER VALUES(32, 8, NULL);
INSERT INTO CONTACTS_MEMBER VALUES(32, 21, NULL);
INSERT INTO CONTACTS_MEMBER VALUES(32, 30, NULL);
INSERT INTO CONTACTS_MEMBER VALUES(32, 2, NULL);
INSERT INTO CONTACTS_MEMBER VALUES(32, 17, NULL);
INSERT INTO CONTACTS_MEMBER VALUES(32, 24, NULL);
INSERT INTO CONTACTS_MEMBER VALUES(32, 28, NULL);
INSERT INTO CONTACTS_MEMBER VALUES(32, 31, NULL);
INSERT INTO CONTACTS_MEMBER VALUES(32, 10, NULL);
INSERT INTO CONTACTS_MEMBER VALUES(32, 22, NULL);
INSERT INTO CONTACTS_MEMBER VALUES(32, 27, NULL);

-- 개인주소록 : 각 개인주소록당 3명씩 넣음.
INSERT INTO CONTACTS_MEMBER VALUES(33, 31, NULL);
INSERT INTO CONTACTS_MEMBER VALUES(33, 2, NULL);
INSERT INTO CONTACTS_MEMBER VALUES(33, 3, NULL);

INSERT INTO CONTACTS_MEMBER VALUES(34, 4, NULL);
INSERT INTO CONTACTS_MEMBER VALUES(34, 5, NULL);
INSERT INTO CONTACTS_MEMBER VALUES(34, 6, NULL);

INSERT INTO CONTACTS_MEMBER VALUES(35, 7, NULL);
INSERT INTO CONTACTS_MEMBER VALUES(35, 8, NULL);
INSERT INTO CONTACTS_MEMBER VALUES(35, 9, NULL);

INSERT INTO CONTACTS_MEMBER VALUES(36, 10, NULL);
INSERT INTO CONTACTS_MEMBER VALUES(36, 11, NULL);
INSERT INTO CONTACTS_MEMBER VALUES(36, 12, NULL);

INSERT INTO CONTACTS_MEMBER VALUES(37, 13, NULL);
INSERT INTO CONTACTS_MEMBER VALUES(37, 14, NULL);
INSERT INTO CONTACTS_MEMBER VALUES(37, 15, NULL);

INSERT INTO CONTACTS_MEMBER VALUES(38, 16, NULL);
INSERT INTO CONTACTS_MEMBER VALUES(38, 17, NULL);
INSERT INTO CONTACTS_MEMBER VALUES(38, 18, NULL);

INSERT INTO CONTACTS_MEMBER VALUES(39, 19, NULL);
INSERT INTO CONTACTS_MEMBER VALUES(39, 20, NULL);
INSERT INTO CONTACTS_MEMBER VALUES(39, 21, NULL);

INSERT INTO CONTACTS_MEMBER VALUES(40, 22, NULL);
INSERT INTO CONTACTS_MEMBER VALUES(40, 23, NULL);
INSERT INTO CONTACTS_MEMBER VALUES(40, 24, NULL);

INSERT INTO CONTACTS_MEMBER VALUES(41, 25, NULL);
INSERT INTO CONTACTS_MEMBER VALUES(41, 26, NULL);
INSERT INTO CONTACTS_MEMBER VALUES(41, 27, NULL);

INSERT INTO CONTACTS_MEMBER VALUES(42, 28, NULL);
INSERT INTO CONTACTS_MEMBER VALUES(42, 29, NULL);
INSERT INTO CONTACTS_MEMBER VALUES(42, 30, NULL);

INSERT INTO CONTACTS_MEMBER VALUES(43, 31, NULL);
INSERT INTO CONTACTS_MEMBER VALUES(44, 1, NULL);
INSERT INTO CONTACTS_MEMBER VALUES(44, 2, NULL);

INSERT INTO CONTACTS_MEMBER VALUES(45, 3, NULL);
INSERT INTO CONTACTS_MEMBER VALUES(45, 4, NULL);
INSERT INTO CONTACTS_MEMBER VALUES(45, 5, NULL);
INSERT INTO CONTACTS_MEMBER VALUES(45, 17, NULL);

INSERT INTO CONTACTS_MEMBER VALUES(46, 6, NULL);
INSERT INTO CONTACTS_MEMBER VALUES(46, 7, NULL);
INSERT INTO CONTACTS_MEMBER VALUES(46, 8, NULL);
INSERT INTO CONTACTS_MEMBER VALUES(46, 18, NULL);
INSERT INTO CONTACTS_MEMBER VALUES(46, 2, NULL);

INSERT INTO CONTACTS_MEMBER VALUES(47, 9, NULL);
INSERT INTO CONTACTS_MEMBER VALUES(47, 10, NULL);
INSERT INTO CONTACTS_MEMBER VALUES(47, 11, NULL);

INSERT INTO CONTACTS_MEMBER VALUES(48, 12, NULL);
INSERT INTO CONTACTS_MEMBER VALUES(48, 13, NULL);
INSERT INTO CONTACTS_MEMBER VALUES(48, 14, NULL);

INSERT INTO CONTACTS_MEMBER VALUES(49, 15, NULL);
INSERT INTO CONTACTS_MEMBER VALUES(49, 16, NULL);
INSERT INTO CONTACTS_MEMBER VALUES(49, 17, NULL);

INSERT INTO CONTACTS_MEMBER VALUES(50, 18, NULL);
INSERT INTO CONTACTS_MEMBER VALUES(50, 19, NULL);
INSERT INTO CONTACTS_MEMBER VALUES(50, 20, NULL);

INSERT INTO CONTACTS_MEMBER VALUES(51, 21, NULL);
INSERT INTO CONTACTS_MEMBER VALUES(51, 22, NULL);
INSERT INTO CONTACTS_MEMBER VALUES(51, 23, NULL);

INSERT INTO CONTACTS_MEMBER VALUES(52, 24, NULL);
INSERT INTO CONTACTS_MEMBER VALUES(52, 25, NULL);
INSERT INTO CONTACTS_MEMBER VALUES(52, 26, NULL);

INSERT INTO CONTACTS_MEMBER VALUES(53, 27, NULL);
INSERT INTO CONTACTS_MEMBER VALUES(53, 28, NULL);
INSERT INTO CONTACTS_MEMBER VALUES(53, 29, NULL);

INSERT INTO CONTACTS_MEMBER VALUES(54, 30, NULL);
INSERT INTO CONTACTS_MEMBER VALUES(54, 31, NULL);
INSERT INTO CONTACTS_MEMBER VALUES(55, 1, NULL);

INSERT INTO CONTACTS_MEMBER VALUES(56, 2, NULL);
INSERT INTO CONTACTS_MEMBER VALUES(56, 3, NULL);
INSERT INTO CONTACTS_MEMBER VALUES(56, 4, NULL);

INSERT INTO CONTACTS_MEMBER VALUES(57, 5, NULL);
INSERT INTO CONTACTS_MEMBER VALUES(57, 6, NULL);
INSERT INTO CONTACTS_MEMBER VALUES(57, 7, NULL);

INSERT INTO CONTACTS_MEMBER VALUES(58, 8, NULL);
INSERT INTO CONTACTS_MEMBER VALUES(58, 9, NULL);
INSERT INTO CONTACTS_MEMBER VALUES(58, 10, NULL);

INSERT INTO CONTACTS_MEMBER VALUES(59, 11, NULL);
INSERT INTO CONTACTS_MEMBER VALUES(59, 12, NULL);
INSERT INTO CONTACTS_MEMBER VALUES(59, 13, NULL);

INSERT INTO CONTACTS_MEMBER VALUES(60, 14, NULL);
INSERT INTO CONTACTS_MEMBER VALUES(60, 15, NULL);
INSERT INTO CONTACTS_MEMBER VALUES(60, 16, NULL);

INSERT INTO CONTACTS_MEMBER VALUES(61, 17, NULL);
INSERT INTO CONTACTS_MEMBER VALUES(61, 18, NULL);
INSERT INTO CONTACTS_MEMBER VALUES(61, 19, NULL);

INSERT INTO CONTACTS_MEMBER VALUES(62, 20, NULL);
INSERT INTO CONTACTS_MEMBER VALUES(62, 21, NULL);
INSERT INTO CONTACTS_MEMBER VALUES(62, 22, NULL);

INSERT INTO CONTACTS_MEMBER VALUES(63, 23, NULL);
INSERT INTO CONTACTS_MEMBER VALUES(63, 24, NULL);
INSERT INTO CONTACTS_MEMBER VALUES(63, 25, NULL);



--------------------------------------------------------------------------------
--###############  주소록_중요표시(별)  ###############
--------------------------------------------------------------------------------
CREATE TABLE CONTACTS_STAR(
    STAR_NO NUMBER PRIMARY KEY,
    CURRENT_USER_NO NUMBER NOT NULL,
    OTHER_USER_NO NUMBER NOT NULL,
    STAR CHAR(1) DEFAULT 'Y' NOT NULL,
    FOREIGN KEY(CURRENT_USER_NO) REFERENCES USERS(USER_NO),
    FOREIGN KEY(OTHER_USER_NO) REFERENCES USERS(USER_NO),
    CHECK(STAR IN ('Y', 'N'))
);

COMMENT ON COLUMN CONTACTS_STAR.STAR_NO IS '중요표시번호';
COMMENT ON COLUMN CONTACTS_STAR.CURRENT_USER_NO IS '현유저번호';
COMMENT ON COLUMN CONTACTS_STAR.OTHER_USER_NO IS '타유저번호';
COMMENT ON COLUMN CONTACTS_STAR.STAR IS '중요표시(중요:Y/안중요:N)';

CREATE SEQUENCE SEQ_CONTACTS_STARNO
NOCACHE;

INSERT INTO CONTACTS_STAR VALUES(SEQ_CONTACTS_STARNO.NEXTVAL, 1, 2, 'Y');
INSERT INTO CONTACTS_STAR VALUES(SEQ_CONTACTS_STARNO.NEXTVAL, 1, 3, 'Y');
INSERT INTO CONTACTS_STAR VALUES(SEQ_CONTACTS_STARNO.NEXTVAL, 1, 5, 'Y');
INSERT INTO CONTACTS_STAR VALUES(SEQ_CONTACTS_STARNO.NEXTVAL, 1, 15, 'Y');
INSERT INTO CONTACTS_STAR VALUES(SEQ_CONTACTS_STARNO.NEXTVAL, 1, 28, 'Y');

--------------------------------------------------------------------------------
--###############  메일  ###############
--------------------------------------------------------------------------------
CREATE TABLE MAIL (
    MAIL_NO NUMBER PRIMARY KEY,
    SENDER NUMBER NOT NULL,
    MAIL_TITLE VARCHAR2(100) NOT NULL,
    MAIL_CONTENT VARCHAR2(4000),
    SEND_DATE DATE DEFAULT SYSDATE NOT NULL,
    SEND_CANCEL CHAR(1) DEFAULT 'N' NOT NULL,
    FOREIGN KEY (SENDER) REFERENCES USERS(USER_NO),
    CHECK (SEND_CANCEL IN ('Y', 'N'))
);

COMMENT ON COLUMN MAIL.MAIL_NO IS '메일번호';
COMMENT ON COLUMN MAIL.SENDER IS '발신인';
COMMENT ON COLUMN MAIL.MAIL_TITLE IS '메일제목';
COMMENT ON COLUMN MAIL.MAIL_CONTENT IS '메일내용';
COMMENT ON COLUMN MAIL.SEND_DATE IS '발신일시';
COMMENT ON COLUMN MAIL.SEND_CANCEL IS '발신취소여부(발신취소:Y/발신:N)';

CREATE SEQUENCE SEQ_MAILNO
NOCACHE;

INSERT INTO MAIL VALUES(SEQ_MAILNO.NEXTVAL, 3, '이곳은 메일 제목 자리입니다!!!', '여기는 메일의 내용 자리입니다.', SYSDATE, DEFAULT);
INSERT INTO MAIL VALUES(SEQ_MAILNO.NEXTVAL, 5, '가나다라마바사아자차카타파하', '여기는 메일의 내용 자리입니다.11111', SYSDATE, DEFAULT);
INSERT INTO MAIL VALUES(SEQ_MAILNO.NEXTVAL, 1, '샘플데이터 넣는중~~~~', '여기는 메일의 내용 자리입니다.22222', SYSDATE, DEFAULT);
INSERT INTO MAIL VALUES(SEQ_MAILNO.NEXTVAL, 4, '2222이곳은 메일 제목 자리입니다!!!', '여기는 메일의 내용 자리입니다.33333', SYSDATE, DEFAULT);
INSERT INTO MAIL VALUES(SEQ_MAILNO.NEXTVAL, 2, '3333이곳은 메일 제목 자리입니다!!!', '여기는 메일의 내용 자리입니다.4444', SYSDATE, DEFAULT);

--------------------------------------------------------------------------------
--###############  메일_수신인  ###############
--------------------------------------------------------------------------------
CREATE TABLE MAIL_RECEIVER (
    MAIL_NO NUMBER,
    RECEIVER_NO NUMBER,
    RECEIVER_TYPE CHAR(1) DEFAULT 'R' NOT NULL,
    READ CHAR(1) DEFAULT 'N' NOT NULL,
    PRIMARY KEY(MAIL_NO, RECEIVER_NO),
    FOREIGN KEY(MAIL_NO) REFERENCES MAIL(MAIL_NO),
    FOREIGN KEY(RECEIVER_NO) REFERENCES USERS(USER_NO),
    CHECK(RECEIVER_TYPE IN ('R', 'C', 'S')),
    CHECK(READ IN ('Y', 'N'))
);

COMMENT ON COLUMN MAIL_RECEIVER.MAIL_NO IS '메일번호';
COMMENT ON COLUMN MAIL_RECEIVER.RECEIVER_NO IS '수신인번호';
COMMENT ON COLUMN MAIL_RECEIVER.RECEIVER_TYPE IS '수신인구분(수신:R/참조:C/비밀:S)';
COMMENT ON COLUMN MAIL_RECEIVER.READ IS '읽음여부(읽음:Y/않읽음:N)';

INSERT INTO MAIL_RECEIVER VALUES(1, 2, DEFAULT, DEFAULT);
INSERT INTO MAIL_RECEIVER VALUES(1, 3, 'C', 'Y');
INSERT INTO MAIL_RECEIVER VALUES(1, 4, 'S', DEFAULT);
INSERT INTO MAIL_RECEIVER VALUES(1, 5, DEFAULT, DEFAULT);
INSERT INTO MAIL_RECEIVER VALUES(2, 1, DEFAULT, DEFAULT);

--------------------------------------------------------------------------------
--###############  메일함  ###############
--------------------------------------------------------------------------------
CREATE TABLE MAILBOX(
    MAILBOX_NO NUMBER PRIMARY KEY,
    MAILBOX_NAME VARCHAR2(50) NOT NULL,
    MAILBOX_TYPE CHAR(1) DEFAULT 'B' NOT NULL,
    STATUS CHAR(1) DEFAULT 'Y' NOT NULL,
    CHECK(MAILBOX_TYPE IN('B', 'P')),
    CHECK(STATUS IN('Y', 'N'))
);

COMMENT ON COLUMN MAILBOX.MAILBOX_NO IS '메일함번호';
COMMENT ON COLUMN MAILBOX.MAILBOX_NAME IS '메일함이름';
COMMENT ON COLUMN MAILBOX.MAILBOX_TYPE IS '메일함구분(기본:B/개인:P)';
COMMENT ON COLUMN MAILBOX.STATUS IS '상태(미삭제:Y/삭제:N)';

CREATE SEQUENCE SEQ_MAILBOXNO
NOCACHE;

INSERT INTO MAILBOX VALUES(SEQ_MAILBOXNO.NEXTVAL, '받은메일함', DEFAULT, DEFAULT);
INSERT INTO MAILBOX VALUES(SEQ_MAILBOXNO.NEXTVAL, '보낸메일함', DEFAULT, DEFAULT);
INSERT INTO MAILBOX VALUES(SEQ_MAILBOXNO.NEXTVAL, '임시보관함', DEFAULT, DEFAULT);
INSERT INTO MAILBOX VALUES(SEQ_MAILBOXNO.NEXTVAL, '휴지통', DEFAULT, DEFAULT);
INSERT INTO MAILBOX VALUES(SEQ_MAILBOXNO.NEXTVAL, '개인보관함1', 'P', DEFAULT);

--------------------------------------------------------------------------------
--###############  메일_소유자  ###############
--------------------------------------------------------------------------------
CREATE TABLE MAIL_OWNER(
    OWNER_NO NUMBER,
    MAIL_NO NUMBER,
    MAILBOX_NO NUMBER NOT NULL,
    MAIL_STAR CHAR(1) DEFAULT 'N' NOT NULL,
    MAIL_STATUS CHAR(1) DEFAULT 'Y' NOT NULL,
    PRIMARY KEY(OWNER_NO, MAIL_NO),
    FOREIGN KEY(MAILBOX_NO) REFERENCES MAILBOX(MAILBOX_NO),
    CHECK(MAIL_STAR IN ('Y', 'N')),
    CHECK(MAIL_STATUS IN ('Y', 'N'))
);

COMMENT ON COLUMN MAIL_OWNER.OWNER_NO IS '메일소유자';
COMMENT ON COLUMN MAIL_OWNER.MAIL_NO IS '메일번호';
COMMENT ON COLUMN MAIL_OWNER.MAILBOX_NO IS '메일함번호';
COMMENT ON COLUMN MAIL_OWNER.MAIL_STAR IS '메일중요여부(중요:Y/안중요:N)';
COMMENT ON COLUMN MAIL_OWNER.MAIL_STATUS IS '메일상태(미삭제:Y/삭제:N)';

INSERT INTO MAIL_OWNER VALUES(2, 5, 1, DEFAULT, DEFAULT);
INSERT INTO MAIL_OWNER VALUES(2, 4, 1, 'Y', DEFAULT);
INSERT INTO MAIL_OWNER VALUES(2, 3, 2, DEFAULT, DEFAULT);
INSERT INTO MAIL_OWNER VALUES(1, 2, 2, DEFAULT, DEFAULT);
INSERT INTO MAIL_OWNER VALUES(1, 1, 1, DEFAULT, DEFAULT);

--------------------------------------------------------------------------------
--###############  메일_첨부파일  ###############
--------------------------------------------------------------------------------
CREATE TABLE MAIL_ATTACHMENT(
    MAIL_NO NUMBER,
    FILE_NO NUMBER,
    PRIMARY KEY(MAIL_NO, FILE_NO),
    FOREIGN KEY(MAIL_NO) REFERENCES MAIL(MAIL_NO),
    FOREIGN KEY(FILE_NO) REFERENCES ATTACHMENT(FILE_NO)
);

COMMENT ON COLUMN MAIL_ATTACHMENT.MAIL_NO IS '메일번호';
COMMENT ON COLUMN MAIL_ATTACHMENT.FILE_NO IS '파일번호';

INSERT INTO MAIL_ATTACHMENT VALUES(1, 1);
INSERT INTO MAIL_ATTACHMENT VALUES(1, 2);
INSERT INTO MAIL_ATTACHMENT VALUES(1, 3);
INSERT INTO MAIL_ATTACHMENT VALUES(2, 4);
INSERT INTO MAIL_ATTACHMENT VALUES(3, 5);

--------------------------------------------------------------------------------
--###############  수업_게시판  ###############
--------------------------------------------------------------------------------
CREATE TABLE CLASS_BOARD(
    BOARD_NO NUMBER PRIMARY KEY,
    BOARD_NAME VARCHAR2(50) NOT NULL UNIQUE,
    STATUS CHAR(1) DEFAULT 'Y' NOT NULL,
    CHECK(STATUS IN ('Y', 'N'))
);

COMMENT ON COLUMN CLASS_BOARD.BOARD_NO IS '게시판번호';
COMMENT ON COLUMN CLASS_BOARD.BOARD_NAME IS '게시판이름';
COMMENT ON COLUMN CLASS_BOARD.STATUS IS '상태(미삭제:Y/삭제:N)';

CREATE SEQUENCE SEQ_BOARDNO
NOCACHE;

INSERT INTO CLASS_BOARD VALUES(SEQ_BOARDNO.NEXTVAL, 'Java', DEFAULT);
INSERT INTO CLASS_BOARD VALUES(SEQ_BOARDNO.NEXTVAL, 'Oracle', DEFAULT);
INSERT INTO CLASS_BOARD VALUES(SEQ_BOARDNO.NEXTVAL, 'JDBC', DEFAULT);
INSERT INTO CLASS_BOARD VALUES(SEQ_BOARDNO.NEXTVAL, 'Front-End', DEFAULT);
INSERT INTO CLASS_BOARD VALUES(SEQ_BOARDNO.NEXTVAL, 'Server', DEFAULT);

--------------------------------------------------------------------------------
--###############  수업_게시글  ###############
--------------------------------------------------------------------------------
CREATE TABLE CLASS_POST(
    POST_NO NUMBER PRIMARY KEY,
    BOARD_NO NUMBER NOT NULL,
    USER_NO NUMBER NOT NULL,
    POST_TITLE VARCHAR2(100) NOT NULL,
    POST_CONTENT VARCHAR2(4000),
    CREATE_DATE DATE DEFAULT SYSDATE NOT NULL,
    STATUS CHAR(1) DEFAULT 'Y' NOT NULL,
    FOREIGN KEY(BOARD_NO) REFERENCES CLASS_BOARD(BOARD_NO),
    FOREIGN KEY(USER_NO) REFERENCES USERS(USER_NO),
    CHECK(STATUS IN ('Y', 'N'))
);

COMMENT ON COLUMN CLASS_POST.POST_NO IS '게시글번호';
COMMENT ON COLUMN CLASS_POST.BOARD_NO IS '게시판번호';
COMMENT ON COLUMN CLASS_POST.USER_NO IS '작성자번호';
COMMENT ON COLUMN CLASS_POST.POST_TITLE IS '게시글제목';
COMMENT ON COLUMN CLASS_POST.POST_CONTENT IS '게시글내용';
COMMENT ON COLUMN CLASS_POST.CREATE_DATE IS '작성일';
COMMENT ON COLUMN CLASS_POST.STATUS IS '상태(미삭제:Y/삭제:N)';

CREATE SEQUENCE SEQ_POSTNO
NOCACHE;

INSERT INTO CLASS_POST VALUES(SEQ_POSTNO.NEXTVAL, 1, 1, '이클립스 설치 및 세팅', '이클립스 설치는 이렇게, 세팅은 요렇게 하면됩니다. 잘 아시겠쥬?', SYSDATE, DEFAULT);
INSERT INTO CLASS_POST VALUES(SEQ_POSTNO.NEXTVAL, 1, 1, '배열', '배열은 배열입니다. 그렇습니다.', SYSDATE, DEFAULT);
INSERT INTO CLASS_POST VALUES(SEQ_POSTNO.NEXTVAL, 1, 1, '컬렉션', '컬렉션에는 이런이런게 있습니다. 이건 컬렉션이 아닙니다.', SYSDATE, DEFAULT);
INSERT INTO CLASS_POST VALUES(SEQ_POSTNO.NEXTVAL, 2, 1, 'SELECT', '원하는 데이터를 가져오려면 쿼리를 이렇게 짜면 됩니다. 조인바리를 이렇게 이렇게, 참 쉽죠?', SYSDATE, DEFAULT);
INSERT INTO CLASS_POST VALUES(SEQ_POSTNO.NEXTVAL, 3, 1, 'JDBC 개요', '자바랑 DB랑 연결해봅시다.', SYSDATE, DEFAULT);

--------------------------------------------------------------------------------
--###############  수업_댓글  ###############
--------------------------------------------------------------------------------
CREATE TABLE CLASS_COMMENT(
    POST_NO NUMBER,
    COMMENT_NO NUMBER UNIQUE,
    PRIMARY KEY(POST_NO, COMMENT_NO),
    FOREIGN KEY(POST_NO) REFERENCES CLASS_POST(POST_NO),
    FOREIGN KEY(COMMENT_NO) REFERENCES COMMENTS(COMMENT_NO)
);

COMMENT ON COLUMN CLASS_COMMENT.POST_NO IS '게시글번호';
COMMENT ON COLUMN CLASS_COMMENT.COMMENT_NO IS '댓글번호';

INSERT INTO CLASS_COMMENT VALUES(1, 1);
INSERT INTO CLASS_COMMENT VALUES(1, 2);
INSERT INTO CLASS_COMMENT VALUES(2, 3);
INSERT INTO CLASS_COMMENT VALUES(3, 4);
INSERT INTO CLASS_COMMENT VALUES(3, 5);

--------------------------------------------------------------------------------
--###############  수업_첨부파일  ###############
--------------------------------------------------------------------------------
CREATE TABLE CLASS_ATTACHMENT(
    POST_NO NUMBER,
    FILE_NO NUMBER,
    PRIMARY KEY (POST_NO, FILE_NO),
    FOREIGN KEY(POST_NO) REFERENCES CLASS_POST(POST_NO),
    FOREIGN KEY(FILE_NO) REFERENCES ATTACHMENT(FILE_NO)
);

COMMENT ON COLUMN CLASS_ATTACHMENT.POST_NO IS '게시글번호';
COMMENT ON COLUMN CLASS_ATTACHMENT.FILE_NO IS '파일번호';

INSERT INTO CLASS_ATTACHMENT VALUES(1, 5);
INSERT INTO CLASS_ATTACHMENT VALUES(1, 4);
INSERT INTO CLASS_ATTACHMENT VALUES(2, 1);
INSERT INTO CLASS_ATTACHMENT VALUES(3, 2);
INSERT INTO CLASS_ATTACHMENT VALUES(4, 3);

--------------------------------------------------------------------------------
--###############  설문조사_게시글  ###############
--------------------------------------------------------------------------------
CREATE TABLE SURVEY_POST(
    POST_NO NUMBER PRIMARY KEY,
    POST_TITLE VARCHAR2(100) NOT NULL,
    WRITER_NO NUMBER NOT NULL,
    CREATE_DATE DATE DEFAULT SYSDATE NOT NULL,
    ON_GOING CHAR(1) DEFAULT 'Y' NOT NULL,
    TEMP_SAVE CHAR(1) DEFAULT 'N' NOT NULL,
    STATUS CHAR(1) DEFAULT 'Y' NOT NULL,
    FOREIGN KEY(WRITER_NO) REFERENCES USERS(USER_NO),
    CHECK(ON_GOING IN ('Y', 'N')),
    CHECK(TEMP_SAVE IN ('Y', 'N')),
    CHECK(STATUS IN ('Y', 'N'))
);

COMMENT ON COLUMN SURVEY_POST.POST_NO IS '게시글번호';
COMMENT ON COLUMN SURVEY_POST.POST_TITLE IS '게시글제목';
COMMENT ON COLUMN SURVEY_POST.WRITER_NO IS '작성자번호';
COMMENT ON COLUMN SURVEY_POST.CREATE_DATE IS '작성일';
COMMENT ON COLUMN SURVEY_POST.ON_GOING IS '진행여부(진행중:Y/종료:N)';
COMMENT ON COLUMN SURVEY_POST.TEMP_SAVE IS '임시보관여부(임시보관:Y/게시:N)';
COMMENT ON COLUMN SURVEY_POST.STATUS IS '상태(미삭제:Y/삭제:N)';

CREATE SEQUENCE SEQ_SURVEYPOSTNO
NOCACHE;

INSERT INTO SURVEY_POST VALUES(SEQ_SURVEYPOSTNO.NEXTVAL, '평가제출현황_240607', 1, SYSDATE, 'N', DEFAULT, DEFAULT);
INSERT INTO SURVEY_POST VALUES(SEQ_SURVEYPOSTNO.NEXTVAL, '평가제출현황_240620', 1, SYSDATE, 'N', DEFAULT, DEFAULT);
INSERT INTO SURVEY_POST VALUES(SEQ_SURVEYPOSTNO.NEXTVAL, '평가제출현황_240703', 1, SYSDATE, 'N', DEFAULT, DEFAULT);
INSERT INTO SURVEY_POST VALUES(SEQ_SURVEYPOSTNO.NEXTVAL, '평가제출현황_240715', 1, SYSDATE, 'N', DEFAULT, DEFAULT);
INSERT INTO SURVEY_POST VALUES(SEQ_SURVEYPOSTNO.NEXTVAL, '평가제출현황_240801', 1, SYSDATE, 'Y', DEFAULT, DEFAULT);

--------------------------------------------------------------------------------
--###############  설문조사_대상자  ###############
--------------------------------------------------------------------------------
CREATE TABLE SURVEY_MEMBER(
    POST_NO NUMBER,
    USER_NO NUMBER,
    COMPLETE CHAR(1) DEFAULT 'N' NOT NULL,
    PRIMARY KEY(POST_NO, USER_NO),
    FOREIGN KEY(POST_NO) REFERENCES SURVEY_POST(POST_NO),
    FOREIGN KEY(USER_NO) REFERENCES USERS(USER_NO),
    CHECK(COMPLETE IN ('Y', 'N'))
);

COMMENT ON COLUMN SURVEY_MEMBER.POST_NO IS '게시글번호';
COMMENT ON COLUMN SURVEY_MEMBER.USER_NO IS '조사대상자번호';
COMMENT ON COLUMN SURVEY_MEMBER.COMPLETE IS '완료여부(참여완료:Y/미완료:N)';

INSERT INTO SURVEY_MEMBER VALUES(1, 2, 'N');
INSERT INTO SURVEY_MEMBER VALUES(1, 3, 'Y');
INSERT INTO SURVEY_MEMBER VALUES(1, 4, 'Y');
INSERT INTO SURVEY_MEMBER VALUES(1, 5, 'N');
INSERT INTO SURVEY_MEMBER VALUES(2, 2, 'N');

--------------------------------------------------------------------------------
--###############  설문조사_질문  ###############
--------------------------------------------------------------------------------
CREATE TABLE SURVEY_QUESTION(
    QUESTION_NO NUMBER PRIMARY KEY,
    POST_NO NUMBER NOT NULL,
    QUESTION_CONTENT VARCHAR2(300) NOT NULL,
    ANSWER_TYPE CHAR(1) DEFAULT 'S' NOT NULL,
    REQUIRED CHAR(1) DEFAULT 'N' NOT NULL,
    FOREIGN KEY(POST_NO) REFERENCES SURVEY_POST(POST_NO),
    CHECK(ANSWER_TYPE IN ('S', 'M', 'D')),
    CHECK(REQUIRED IN ('Y', 'N'))
);

COMMENT ON COLUMN SURVEY_QUESTION.QUESTION_NO IS '질문번호';
COMMENT ON COLUMN SURVEY_QUESTION.POST_NO IS '게시글번호';
COMMENT ON COLUMN SURVEY_QUESTION.QUESTION_CONTENT IS '질문내용';
COMMENT ON COLUMN SURVEY_QUESTION.ANSWER_TYPE IS '답변타입(단일선택:S/다중선택:M/서술형:D)';
COMMENT ON COLUMN SURVEY_QUESTION.REQUIRED IS '필수입력여부(필수입력:Y/선택입력:N)';

CREATE SEQUENCE SEQ_SURVEYQNO
NOCACHE;

INSERT INTO SURVEY_QUESTION VALUES(SEQ_SURVEYQNO.NEXTVAL, 5, '이번 시험 난이도 어땠나요?', 'S', 'Y');
INSERT INTO SURVEY_QUESTION VALUES(SEQ_SURVEYQNO.NEXTVAL, 5, '가장 어려웠던 문제는?', 'S', 'N');
INSERT INTO SURVEY_QUESTION VALUES(SEQ_SURVEYQNO.NEXTVAL, 5, '가장 쉬웠던 문제는?', 'S', 'N');
INSERT INTO SURVEY_QUESTION VALUES(SEQ_SURVEYQNO.NEXTVAL, 4, '좋아하는 가수는?', 'D', 'N');
INSERT INTO SURVEY_QUESTION VALUES(SEQ_SURVEYQNO.NEXTVAL, 4, '취미?', 'M', 'Y');

--------------------------------------------------------------------------------
--###############  설문조사_선택지  ###############
--------------------------------------------------------------------------------
CREATE TABLE SURVEY_CHOICE(
    CHOICE_NO NUMBER PRIMARY KEY,
    QUESTION_NO NUMBER NOT NULL,
    CHOICE_CONTENT VARCHAR2(100) NOT NULL,
    FOREIGN KEY(QUESTION_NO) REFERENCES SURVEY_QUESTION(QUESTION_NO)
);

COMMENT ON COLUMN SURVEY_CHOICE.CHOICE_NO IS '선택지번호';
COMMENT ON COLUMN SURVEY_CHOICE.QUESTION_NO IS '질문번호';
COMMENT ON COLUMN SURVEY_CHOICE.CHOICE_CONTENT IS '선택지내용';

CREATE SEQUENCE SEQ_SURVEY_CHOICENO
NOCACHE;

INSERT INTO SURVEY_CHOICE VALUES(SEQ_SURVEY_CHOICENO.NEXTVAL, 1, '매우 쉬움');
INSERT INTO SURVEY_CHOICE VALUES(SEQ_SURVEY_CHOICENO.NEXTVAL, 1, '쉬움');
INSERT INTO SURVEY_CHOICE VALUES(SEQ_SURVEY_CHOICENO.NEXTVAL, 1, '보통');
INSERT INTO SURVEY_CHOICE VALUES(SEQ_SURVEY_CHOICENO.NEXTVAL, 1, '어려움');
INSERT INTO SURVEY_CHOICE VALUES(SEQ_SURVEY_CHOICENO.NEXTVAL, 1, '매우 어려움');

--------------------------------------------------------------------------------
--###############  설문조사_답변  ###############
--------------------------------------------------------------------------------
CREATE TABLE SURVEY_ANSWER(
    QUESTION_NO NUMBER,
    USER_NO NUMBER,
    USER_ANSWER VARCHAR2(300),
    PRIMARY KEY(QUESTION_NO, USER_NO),
    FOREIGN KEY(QUESTION_NO) REFERENCES SURVEY_QUESTION(QUESTION_NO),
    FOREIGN KEY(USER_NO) REFERENCES USERS(USER_NO)
);

COMMENT ON COLUMN SURVEY_ANSWER.QUESTION_NO IS '질문번호';
COMMENT ON COLUMN SURVEY_ANSWER.USER_NO IS '유저번호';
COMMENT ON COLUMN SURVEY_ANSWER.USER_ANSWER IS '유저답변(ex)1,2,3,..., 일반텍스트도 가능)';

INSERT INTO SURVEY_ANSWER VALUES(1, 2, '3');
INSERT INTO SURVEY_ANSWER VALUES(1, 3, '2');
INSERT INTO SURVEY_ANSWER VALUES(1, 4, '4');
INSERT INTO SURVEY_ANSWER VALUES(1, 5, '3');
INSERT INTO SURVEY_ANSWER VALUES(5, 2, '영화보기, 등산, 요리');

--------------------------------------------------------------------------------
--###############  능력단위  ###############
--------------------------------------------------------------------------------
CREATE TABLE SUBJECT(
    SUBJECT_NO NUMBER PRIMARY KEY,
    SUBJECT_NAME VARCHAR(60)
);

COMMENT ON COLUMN SUBJECT.SUBJECT_NO IS '능력단위번호 1 ~ 18';
COMMENT ON COLUMN SUBJECT.SUBJECT_NAME IS '능력단위명';

INSERT INTO SUBJECT VALUES(1, '프로그래밍 언어 활용');
INSERT INTO SUBJECT VALUES(2, '프로그래밍 언어 응용');
INSERT INTO SUBJECT VALUES(3, '네트워크 프로그래밍 구현');
INSERT INTO SUBJECT VALUES(4, '데이터베이스 구현');
INSERT INTO SUBJECT VALUES(5, 'SQL활용');
INSERT INTO SUBJECT VALUES(6, 'SQL응용');
INSERT INTO SUBJECT VALUES(7, 'UI 디자인');
INSERT INTO SUBJECT VALUES(8, 'UI 구현');
INSERT INTO SUBJECT VALUES(9, '서버 프로그램 구현');
INSERT INTO SUBJECT VALUES(10, '애플리케이션 설계');
INSERT INTO SUBJECT VALUES(11, '인터페이스 구현');
INSERT INTO SUBJECT VALUES(12, '요구사항 확인');
INSERT INTO SUBJECT VALUES(13, '화면 구현');
INSERT INTO SUBJECT VALUES(14, '통합 구현');
INSERT INTO SUBJECT VALUES(15, '프로젝트 기반 공공데이터 활용');
INSERT INTO SUBJECT VALUES(16, '프로젝트 기반 공공데이터 아키텍처 설계');
INSERT INTO SUBJECT VALUES(17, '애플리케이션 테스트 수행');
INSERT INTO SUBJECT VALUES(18, '애플리케이션 배포');
--------------------------------------------------------------------------------
--###############  시험구분  ###############
--------------------------------------------------------------------------------
CREATE TABLE TEST_KIND(
    TEST_KIND_NO NUMBER PRIMARY KEY,
    TEST_KIND_NAME VARCHAR2(30)
);

COMMENT ON COLUMN TEST_KIND.TEST_KIND_NO IS '구분번호';
COMMENT ON COLUMN TEST_KIND.TEST_KIND_NAME IS '구분명';

INSERT INTO TEST_KIND VALUES(1, '문제해결시나리오');
INSERT INTO TEST_KIND VALUES(2, '포트폴리오(신)');
--------------------------------------------------------------------------------
--###############  성적  ###############
--------------------------------------------------------------------------------
CREATE TABLE SCORE (
    TEST_NO NUMBER PRIMARY KEY,
    USER_NO NUMBER NOT NULL,
    CLASS_NAME VARCHAR2(30) NOT NULL,
    SUBJECT_NO NUMBER NOT NULL,
    TEST_KIND_NO NUMBER NOT NULL,
    SCORE NUMBER,
    FOREIGN KEY(USER_NO) REFERENCES USERS(USER_NO),
    FOREIGN KEY(SUBJECT_NO) REFERENCES SUBJECT(SUBJECT_NO),
    FOREIGN KEY(TEST_KIND_NO) REFERENCES TEST_KIND(TEST_KIND_NO)
);

COMMENT ON COLUMN SCORE.TEST_NO IS '시험번호';
COMMENT ON COLUMN SCORE.USER_NO IS '유저번호';
COMMENT ON COLUMN SCORE.CLASS_NAME IS '교과구분';
COMMENT ON COLUMN SCORE.SUBJECT_NO IS '능력단위 번호';
COMMENT ON COLUMN SCORE.TEST_KIND_NO IS '구분번호';
COMMENT ON COLUMN SCORE.SCORE IS '시험점수';

INSERT INTO SCORE VALUES(1, 2, 'NCS전공교과', 1, 1, 100);
INSERT INTO SCORE VALUES(2, 2, 'NCS전공교과', 2, 1, 100);
INSERT INTO SCORE VALUES(3, 2, 'NCS전공교과', 3, 1, 100);
INSERT INTO SCORE VALUES(4, 2, 'NCS전공교과', 4, 1, 100);
INSERT INTO SCORE VALUES(5, 2, 'NCS전공교과', 5, 1, NULL);

--------------------------------------------------------------------------------
--###############  출결상태  ###############
--------------------------------------------------------------------------------
CREATE TABLE ATD_STATE(
    STATE_CODE VARCHAR2(6) PRIMARY KEY,
    STATE_NAME VARCHAR2(6) NOT NULL
);

COMMENT ON COLUMN ATD_STATE.STATE_CODE IS '상태코드';
COMMENT ON COLUMN ATD_STATE.STATE_NAME IS '상태이름(출석:ATD/지각:LATE/결석:ABS/조퇴:E_OUT)';

INSERT INTO ATD_STATE VALUES('ATD', '출석');
INSERT INTO ATD_STATE VALUES('LATE', '지각');
INSERT INTO ATD_STATE VALUES('ABS', '결석');
INSERT INTO ATD_STATE VALUES('E_OUT', '조퇴');

--------------------------------------------------------------------------------
--###############  출결  ###############
--------------------------------------------------------------------------------
CREATE TABLE ATTENDANCE(
    USER_NO NUMBER,
    DAY DATE,
    STATE_CODE VARCHAR2(6),
    USE_DAY_OFF NUMBER,
    PRIMARY KEY(USER_NO, DAY),
    FOREIGN KEY(STATE_CODE) REFERENCES ATD_STATE(STATE_CODE)
);

INSERT INTO ATTENDANCE VALUES(1, '2024/08/08', 'ATD', NULL);
INSERT INTO ATTENDANCE VALUES(1, '2024/08/09', 'ATD', NULL);
INSERT INTO ATTENDANCE VALUES(1, '2024/08/10', 'ATD', NULL);
INSERT INTO ATTENDANCE VALUES(2, '2024/08/08', 'ATD', NULL);
INSERT INTO ATTENDANCE VALUES(2, '2024/08/09', 'ATD', NULL);
INSERT INTO ATTENDANCE VALUES(2, '2024/08/10', 'ATD', NULL);

--------------------------------------------------------------------------------
--###############  일정표  ###############
--------------------------------------------------------------------------------

CREATE TABLE CALENDAR(
	"CALENDAR_NO" NUMBER PRIMARY KEY,
	"CONTACTS_NO" NUMBER,
	"WRITER_NO"	NUMBER NOT NULL,
	"TITLE"	VARCHAR2(50) NOT NULL,
	"DESCRIPTION" VARCHAR2(100),
	"START_DATE" DATE NOT NULL,
	"END_DATE" DATE NOT NULL,
    "STATUS" CHAR(1) DEFAULT 'Y' NOT NULL,
    FOREIGN KEY(CONTACTS_NO) REFERENCES CONTACTS(CONTACTS_NO),
    FOREIGN KEY(WRITER_NO) REFERENCES USERS(USER_NO)
);

COMMENT ON COLUMN CALENDAR.CALENDAR_NO IS '일정번호';
COMMENT ON COLUMN CALENDAR.CONTACTS_NO IS '주소록번호(개인:NULL)';
COMMENT ON COLUMN CALENDAR.WRITER_NO IS '작성자번호';
COMMENT ON COLUMN CALENDAR.TITLE IS '제목';
COMMENT ON COLUMN CALENDAR.DESCRIPTION IS '설명';
COMMENT ON COLUMN CALENDAR.START_DATE IS '시작날짜';
COMMENT ON COLUMN CALENDAR.END_DATE IS '종료날짜';
COMMENT ON COLUMN CALENDAR.STATUS IS '삭제여부(미삭제:Y/삭제:N)';

CREATE SEQUENCE SEQ_CALENDAR_NO
NOCACHE;

INSERT INTO CALENDAR VALUES (1, 1, 2, '팀 회의', null, '20240812', '20240812',DEFAULT);
INSERT INTO CALENDAR VALUES (2, 1, 2, '시험', '학원시험', '20240812', '20240812',DEFAULT);
INSERT INTO CALENDAR VALUES (3, 2, 3, '화면구현', null, '20240812', '20240830',DEFAULT);
INSERT INTO CALENDAR VALUES (4, 2, 4, '샘플', '샘플데이터', '20240814', '20240821',DEFAULT);
INSERT INTO CALENDAR VALUES (5, null, 5, '여름휴가', '물놀이가자', '20240825', '20240829',DEFAULT);


--------------------------------------------------------------------------------
--###############  할 일  ###############
--------------------------------------------------------------------------------
CREATE TABLE TODO (
	"TODO_NO" NUMBER PRIMARY KEY,
	"CONTACTS_NO" NUMBER,
	"WRITER_NO"	NUMBER NOT NULL,
	"CONTENT" VARCHAR2(100) NOT NULL,
    "STATUS" CHAR(1) DEFAULT 'Y' NOT NULL,
    FOREIGN KEY(CONTACTS_NO) REFERENCES CONTACTS(CONTACTS_NO),
    FOREIGN KEY(WRITER_NO) REFERENCES USERS(USER_NO)
);

COMMENT ON COLUMN TODO.TODO_NO IS '할일번호';
COMMENT ON COLUMN TODO.CONTACTS_NO IS '주소록번호(개인:NULL)';
COMMENT ON COLUMN TODO.WRITER_NO IS '작성자번호';
COMMENT ON COLUMN TODO.CONTENT IS '내용';
COMMENT ON COLUMN TODO.STATUS IS '삭제여부(미삭제:Y/삭제:N)';

CREATE SEQUENCE SEQ_TODO_NO
NOCACHE;


INSERT INTO TODO VALUES (1, 1, 2, '프로젝트 보고서 작성',DEFAULT);
INSERT INTO TODO VALUES (2, NULL, 2, '고객 미팅 준비',DEFAULT);
INSERT INTO TODO VALUES (3, 1, 3, '팀원 리뷰',DEFAULT);
INSERT INTO TODO VALUES (4, NULL, 2, '샘플데이터',DEFAULT);
INSERT INTO TODO VALUES (5, 2, 5, '24/09/09 프로젝트 발표',DEFAULT);


--------------------------------------------------------------------------------
--###############  과제_선생님  ###############
--------------------------------------------------------------------------------

CREATE TABLE HOMEWORK_TEACHER (
	"HOMEWORK_NO" NUMBER PRIMARY KEY,
	"FILE_NO" NUMBER NOT NULL,
	"WRITER_NO"	NUMBER NOT NULL,
	"SUBJECT" VARCHAR2(60) NOT NULL,
	"HOMEWORK_TITLE" VARCHAR2(30) NOT NULL,
	"HOMEWORK_END_DATE"	DATE NOT NULL,
	"DESCRIPTION" VARCHAR2(500),
	"WRITE_DATE" DATE DEFAULT SYSDATE NOT NULL,
    FOREIGN KEY(FILE_NO) REFERENCES ATTACHMENT(FILE_NO),
    FOREIGN KEY(WRITER_NO) REFERENCES USERS(USER_NO)
);

COMMENT ON COLUMN HOMEWORK_TEACHER.HOMEWORK_NO IS '과제게시글번호';
COMMENT ON COLUMN HOMEWORK_TEACHER.FILE_NO IS '파일번호';
COMMENT ON COLUMN HOMEWORK_TEACHER.WRITER_NO IS '유저번호';
COMMENT ON COLUMN HOMEWORK_TEACHER.SUBJECT IS '과목';
COMMENT ON COLUMN HOMEWORK_TEACHER.HOMEWORK_TITLE IS '제목';
COMMENT ON COLUMN HOMEWORK_TEACHER.HOMEWORK_END_DATE IS '제출기한';
COMMENT ON COLUMN HOMEWORK_TEACHER.DESCRIPTION IS '과제설명';
COMMENT ON COLUMN HOMEWORK_TEACHER.WRITE_DATE IS '작성날짜';

CREATE SEQUENCE SEQ_HOMEWORK_NO
NOCACHE;

INSERT INTO HOMEWORK_TEACHER VALUES (1, 6, 1, 'Java', '자바 문제', '20240815', '자바 종합연습', SYSDATE);
INSERT INTO HOMEWORK_TEACHER VALUES (2, 9, 1, 'Oracle', '춘대학', '20240822', null, SYSDATE);
INSERT INTO HOMEWORK_TEACHER VALUES (3, 10, 1, 'Oracle', '춘출판사', '20240822', '10,11번 문제는 안풀어도 됩니다', SYSDATE);
INSERT INTO HOMEWORK_TEACHER VALUES (4, 12, 1, 'front-end', '테이블만들기', '20240825', null, SYSDATE);
INSERT INTO HOMEWORK_TEACHER VALUES (5, 13, 1, 'front-en', '스타일관련', '20240825', 'css 연습', SYSDATE);


--------------------------------------------------------------------------------
--###############  과제_학생  ###############
--------------------------------------------------------------------------------

CREATE TABLE HOMEWORK_STUDENT (
	"HOMEWORK_SUBMIT_NO" NUMBER PRIMARY KEY,
    HOMEWORK_NO NUMBER NOT NULL,
	"USER_NO" NUMBER NOT NULL,
	"FILE_NO" NUMBER NOT NULL,
	"SUBMIT_DATE" DATE DEFAULT SYSDATE NOT NULL,
	"SUBMIT_STATUS"	CHAR(1)	NOT NULL,
    FOREIGN KEY(USER_NO) REFERENCES USERS(USER_NO),
    FOREIGN KEY(FILE_NO) REFERENCES ATTACHMENT(FILE_NO),
    FOREIGN KEY(HOMEWORK_NO) REFERENCES HOMEWORK_TEACHER(HOMEWORK_NO)
);

COMMENT ON COLUMN HOMEWORK_STUDENT.HOMEWORK_SUBMIT_NO IS '과제제출번호';
COMMENT ON COLUMN HOMEWORK_STUDENT.HOMEWORK_NO IS '과제게시글번호';
COMMENT ON COLUMN HOMEWORK_STUDENT.USER_NO IS '유저번호';
COMMENT ON COLUMN HOMEWORK_STUDENT.FILE_NO IS '파일번호';
COMMENT ON COLUMN HOMEWORK_STUDENT.SUBMIT_DATE IS '제출일시';
COMMENT ON COLUMN HOMEWORK_STUDENT.SUBMIT_STATUS IS '제출상태(제출:Y/미제출:N)';

CREATE SEQUENCE SEQ_HOMEWORK_SUBMIT_NO
NOCACHE;

INSERT INTO HOMEWORK_STUDENT VALUES (1, 1, 2, 7, SYSDATE, 'Y');
INSERT INTO HOMEWORK_STUDENT VALUES (2, 2, 2, 11, SYSDATE, 'Y');
INSERT INTO HOMEWORK_STUDENT VALUES (3, 1, 4, 8,  SYSDATE, 'Y');
INSERT INTO HOMEWORK_STUDENT VALUES (4, 3, 4, 12, SYSDATE, 'Y');
INSERT INTO HOMEWORK_STUDENT VALUES (5, 4, 3, 14, SYSDATE, 'Y');



--------------------------------------------------------------------------------
--###############  과제_댓글  ###############
--------------------------------------------------------------------------------
CREATE TABLE HOMEWORK_COMMENT(
    HOMEWORK_NO NUMBER,
    COMMENT_NO NUMBER,
    PRIMARY KEY(HOMEWORK_NO, COMMENT_NO),
    FOREIGN KEY(HOMEWORK_NO) REFERENCES HOMEWORK_TEACHER(HOMEWORK_NO),
    FOREIGN KEY(COMMENT_NO) REFERENCES COMMENTS(COMMENT_NO)
);

COMMENT ON COLUMN HOMEWORK_COMMENT.HOMEWORK_NO IS '과제게시글번호';
COMMENT ON COLUMN HOMEWORK_COMMENT.COMMENT_NO IS '댓글번호';


INSERT INTO HOMEWORK_COMMENT VALUES(1, 6);
INSERT INTO HOMEWORK_COMMENT VALUES(2, 7);

--------------------------------------------------------------------------------
--###############  과제_첨부파일  ###############
--------------------------------------------------------------------------------

CREATE TABLE HOMEWORK_ATTACHMENT (
	HOMEWORK_NO NUMBER NOT NULL,
	FILE_NO NUMBER NOT NULL,
    PRIMARY KEY(HOMEWORK_NO,FILE_NO),
    FOREIGN KEY(HOMEWORK_NO) REFERENCES HOMEWORK_TEACHER(HOMEWORK_NO),
    FOREIGN KEY(FILE_NO) REFERENCES ATTACHMENT(FILE_NO)
);

COMMENT ON COLUMN HOMEWORK_COMMENT.HOMEWORK_NO IS '과제게시글번호';
COMMENT ON COLUMN HOMEWORK_STUDENT.FILE_NO IS '파일번호';

INSERT INTO HOMEWORK_ATTACHMENT VALUES(1,11);
INSERT INTO HOMEWORK_ATTACHMENT VALUES(1,12);
INSERT INTO HOMEWORK_ATTACHMENT VALUES(2,13);
INSERT INTO HOMEWORK_ATTACHMENT VALUES(3,14);




--------------------------------------------------------------------------------
-- 커밋!!
COMMIT;